plot,stage,diameter,height,measurer,date_measured,tillers_same_plant,block,rate
101E,45,3.6,24,Noelle,4/24/23,,1,3
101E,43,3.49,24,Noelle,4/24/23,,1,3
101E,43,3.97,23.5,Noelle,4/24/23,,1,3
101E,43,4.27,23.5,Noelle,4/24/23,,1,3
101E,43,3.13,23,Noelle,4/24/23,,1,3
101E,43,3.26,23,Noelle,4/24/23,,1,3
101E,43,3.47,23,Noelle,4/24/23,,1,3
101E,43,4.23,23,Noelle,4/24/23,,1,3
101E,43,2.49,22.5,Noelle,4/24/23,,1,3
101E,43,3.37,21.5,Noelle,4/24/23,,1,3
101E,41,3.78,23.5,Noelle,4/24/23,,1,3
101E,41,3.3,22.5,Noelle,4/24/23,,1,3
101E,41,3.14,20.5,Noelle,4/24/23,,1,3
101E,41,2.64,20,Noelle,4/24/23,,1,3
101E,41,3.05,20,Noelle,4/24/23,,1,3
101E,41,2.31,18.5,Noelle,4/24/23,,1,3
101E,41,3.07,18.5,Noelle,4/24/23,,1,3
101E,41,3.12,18.5,Noelle,4/24/23,,1,3
101E,41,3.78,18.5,Noelle,4/24/23,,1,3
101E,41,2.93,18,Noelle,4/24/23,,1,3
101E,41,2.1,16.5,Noelle,4/24/23,,1,3
101E,41,2.51,16,Noelle,4/24/23,,1,3
101E,41,1.28,11.5,Laurel,4/24/23,,1,3
101E,39,2.8,24,Noelle,4/24/23,,1,3
101E,39,3.33,23,Noelle,4/24/23,,1,3
101E,39,3.5,23,Noelle,4/24/23,,1,3
101E,39,2.55,22.5,Noelle,4/24/23,,1,3
101E,39,3.2,22,Noelle,4/24/23,,1,3
101E,39,2.33,21,Noelle,4/24/23,,1,3
101E,39,3.37,21,Noelle,4/24/23,,1,3
101E,39,3.05,20,Noelle,4/24/23,,1,3
101E,39,1.85,19,Noelle,4/24/23,,1,3
101E,39,2.15,16.5,Noelle,4/24/23,,1,3
101E,39,2.41,16.5,Noelle,4/24/23,,1,3
101E,39,2.67,16,Noelle,4/24/23,,1,3
101E,37,3.52,24.5,Noelle,4/24/23,,1,3
101E,37,3.17,23.5,Noelle,4/24/23,,1,3
101E,37,4.28,23,Noelle,4/24/23,,1,3
101E,37,4,22.5,Noelle,4/24/23,,1,3
101E,37,3.39,20.5,Noelle,4/24/23,,1,3
101E,37,2.73,20,Noelle,4/24/23,,1,3
101E,37,2.39,18.5,Noelle,4/24/23,,1,3
101E,37,2.53,17.5,Noelle,4/24/23,,1,3
101E,37,2.61,16.5,Noelle,4/24/23,,1,3
101E,37,4.06,15.5,Noelle,4/24/23,,1,3
101E,37,2.81,15,Noelle,4/24/23,,1,3
101E,37,1.8,10,Noelle,4/24/23,,1,3
101E,37,0.97,9,Laurel,4/24/23,,1,3
101E,35,3.43,21.5,Noelle,4/24/23,,1,3
101E,35,NA,9,Laurel,4/24/23,,1,3
101E,31,3.57,17.5,Noelle,4/24/23,,1,3
101E,31,2.39,16.5,Noelle,4/24/23,,1,3
101E,31,2.12,15.5,Noelle,4/24/23,,1,3
101E,31,2.09,14.5,Noelle,4/24/23,,1,3
101E,31,2.18,12.5,Noelle,4/24/23,,1,3
101E,31,1.63,11.5,Noelle,4/24/23,,1,3
101E,31,1.13,11,Noelle,4/24/23,,1,3
101E,31,1.47,11,Noelle,4/24/23,,1,3
101E,31,1.66,11,Noelle,4/24/23,,1,3
101E,31,2.16,11,Noelle,4/24/23,,1,3
101E,31,0.95,10.5,Noelle,4/24/23,,1,3
101E,31,1.43,10.5,Noelle,4/24/23,,1,3
101E,31,NA,9.5,Noelle,4/24/23,,1,3
101E,31,NA,9.5,Noelle,4/24/23,,1,3
101E,31,NA,9,Noelle,4/24/23,,1,3
101E,31,NA,9,Noelle,4/24/23,,1,3
101E,31,NA,8.5,Noelle,4/24/23,,1,3
101E,31,NA,8,Laurel,4/24/23,,1,3
101E,31,NA,8,Noelle,4/24/23,,1,3
101E,31,NA,7,Noelle,4/24/23,,1,3
101E,25,1.85,14,Noelle,4/24/23,,1,3
101E,25,NA,10,Noelle,4/24/23,,1,3
101E,25,NA,9.5,Noelle,4/24/23,,1,3
101E,25,NA,9,Noelle,4/24/23,,1,3
101E,25,NA,9,Noelle,4/24/23,,1,3
101E,25,NA,8.5,Noelle,4/24/23,,1,3
101E,25,NA,8,Laurel,4/24/23,,1,3
101E,25,NA,8,Noelle,4/24/23,,1,3
101E,25,NA,7.5,Noelle,4/24/23,,1,3
101E,25,NA,7,Noelle,4/24/23,,1,3
101E,25,NA,7,Noelle,4/24/23,,1,3
101E,25,NA,7,Noelle,4/24/23,,1,3
101E,25,NA,6.5,Laurel,4/24/23,,1,3
101E,25,NA,6.5,Laurel,4/24/23,,1,3
101E,25,NA,6.5,Noelle,4/24/23,,1,3
101E,25,NA,6.5,Noelle,4/24/23,,1,3
101E,25,NA,6,Laurel,4/24/23,,1,3
101E,25,NA,6,Laurel,4/24/23,,1,3
101E,25,NA,6,Noelle,4/24/23,,1,3
101E,25,NA,6,Noelle,4/24/23,,1,3
101E,25,NA,6,Noelle,4/24/23,,1,3
101E,25,NA,5.5,Noelle,4/24/23,,1,3
101E,25,NA,5.5,Noelle,4/24/23,,1,3
101E,25,NA,5,Laurel,4/24/23,,1,3
101E,25,NA,5,Laurel,4/24/23,,1,3
101E,25,NA,4.5,Noelle,4/24/23,,1,3
101E,15,NA,8,Noelle,4/24/23,,1,3
101E,15,NA,7,Noelle,4/24/23,,1,3
101E,15,NA,6.5,Laurel,4/24/23,,1,3
101E,15,NA,6,Laurel,4/24/23,,1,3
101E,15,NA,6,Noelle,4/24/23,,1,3
101E,15,NA,6,Noelle,4/24/23,,1,3
101E,15,NA,6,Noelle,4/24/23,,1,3
101E,15,NA,6,Noelle,4/24/23,,1,3
101E,15,NA,5.5,Laurel,4/24/23,,1,3
101E,15,NA,5.5,Laurel,4/24/23,,1,3
101E,15,NA,5.5,Laurel,4/24/23,,1,3
101E,15,NA,5.5,Noelle,4/24/23,,1,3
101E,15,NA,5.5,Noelle,4/24/23,,1,3
101E,15,NA,5.5,Noelle,4/24/23,,1,3
101E,15,NA,5.5,Noelle,4/24/23,,1,3
101E,15,NA,5.5,Noelle,4/24/23,,1,3
101E,15,NA,5,Laurel,4/24/23,,1,3
101E,15,NA,5,Laurel,4/24/23,,1,3
101E,15,NA,5,Laurel,4/24/23,,1,3
101E,15,NA,5,Laurel,4/24/23,,1,3
101E,15,NA,5,Laurel,4/24/23,,1,3
101E,15,NA,5,Laurel,4/24/23,,1,3
101E,15,NA,5,Laurel,4/24/23,,1,3
101E,15,NA,5,Laurel,4/24/23,,1,3
101E,15,NA,5,Laurel,4/24/23,,1,3
101E,15,NA,5,Noelle,4/24/23,,1,3
101E,15,NA,5,Noelle,4/24/23,,1,3
101E,15,NA,5,Noelle,4/24/23,,1,3
101E,15,NA,5,Noelle,4/24/23,,1,3
101E,15,NA,5,Noelle,4/24/23,,1,3
101E,15,NA,5,Noelle,4/24/23,,1,3
101E,15,NA,5,Noelle,4/24/23,,1,3
101E,15,NA,4.5,Laurel,4/24/23,,1,3
101E,15,NA,4.5,Laurel,4/24/23,,1,3
101E,15,NA,4.5,Laurel,4/24/23,,1,3
101E,15,NA,4.5,Laurel,4/24/23,,1,3
101E,15,NA,4.5,Laurel,4/24/23,,1,3
101E,15,NA,4.5,Noelle,4/24/23,,1,3
101E,15,NA,4.5,Noelle,4/24/23,,1,3
101E,15,NA,4.5,Noelle,4/24/23,,1,3
101E,15,NA,4.5,Noelle,4/24/23,,1,3
101E,15,NA,4.5,Noelle,4/24/23,,1,3
101E,15,NA,4.5,Noelle,4/24/23,,1,3
101E,15,NA,4.5,Noelle,4/24/23,,1,3
101E,15,NA,4.5,Noelle,4/24/23,,1,3
101E,15,NA,4.5,Noelle,4/24/23,,1,3
101E,15,NA,4.5,Noelle,4/24/23,,1,3
101E,15,NA,4.5,Noelle,4/24/23,,1,3
101E,15,NA,4.5,Noelle,4/24/23,,1,3
101E,15,NA,4,Laurel,4/24/23,,1,3
101E,15,NA,4,Laurel,4/24/23,,1,3
101E,15,NA,4,Laurel,4/24/23,,1,3
101E,15,NA,4,Laurel,4/24/23,,1,3
101E,15,NA,4,Laurel,4/24/23,,1,3
101E,15,NA,4,Laurel,4/24/23,,1,3
101E,15,NA,4,Laurel,4/24/23,,1,3
101E,15,NA,4,Noelle,4/24/23,,1,3
101E,15,NA,4,Noelle,4/24/23,,1,3
101E,15,NA,4,Noelle,4/24/23,,1,3
101E,15,NA,4,Noelle,4/24/23,,1,3
101E,15,NA,4,Noelle,4/24/23,,1,3
101E,15,NA,4,Noelle,4/24/23,,1,3
101E,15,NA,3.5,Laurel,4/24/23,,1,3
101E,15,NA,3.5,Laurel,4/24/23,,1,3
101E,15,NA,3.5,Laurel,4/24/23,,1,3
101E,15,NA,3.5,Noelle,4/24/23,,1,3
101E,15,NA,3.5,Noelle,4/24/23,,1,3
101E,15,NA,3.5,Noelle,4/24/23,,1,3
101E,15,NA,3.5,Noelle,4/24/23,,1,3
101E,15,NA,3.5,Noelle,4/24/23,,1,3
101E,15,NA,3.5,Noelle,4/24/23,,1,3
101E,15,NA,3.5,Noelle,4/24/23,,1,3
101E,15,NA,3,Laurel,4/24/23,,1,3
101E,15,NA,3,Laurel,4/24/23,,1,3
101E,15,NA,3,Laurel,4/24/23,,1,3
101E,15,NA,3,Laurel,4/24/23,,1,3
101E,15,NA,3,Laurel,4/24/23,,1,3
101E,15,NA,3,Laurel,4/24/23,,1,3
101E,15,NA,3,Laurel,4/24/23,,1,3
101E,15,NA,3,Laurel,4/24/23,,1,3
101E,15,NA,3,Noelle,4/24/23,,1,3
101E,15,NA,3,Noelle,4/24/23,,1,3
101E,15,NA,3,Noelle,4/24/23,,1,3
101E,15,NA,3,Noelle,4/24/23,,1,3
102E,39,3.59,19.5,Noelle,4/24/23,,1,0
102E,39,3.85,18.5,Noelle,4/24/23,,1,0
102E,39,2.59,14.5,Noelle,4/25/23,,1,0
102E,37,3.18,18,Noelle,4/24/23,,1,0
102E,37,3.37,17,Noelle,4/24/23,,1,0
102E,37,1.6,15,Noelle,4/24/23,,1,0
102E,37,2.89,15,Noelle,4/24/23,,1,0
102E,37,3.41,15,Noelle,4/24/23,,1,0
102E,37,1.96,14.5,Noelle,4/24/23,,1,0
102E,37,1.56,14,Noelle,4/25/23,,1,0
102E,37,2.68,14,Noelle,4/24/23,,1,0
102E,37,2.01,13.5,Noelle,4/24/23,,1,0
102E,37,2.42,13.5,Noelle,4/24/23,,1,0
102E,37,1.55,12,Noelle,4/25/23,,1,0
102E,37,2.16,12,Noelle,4/24/23,,1,0
102E,37,2.24,12,Noelle,4/25/23,,1,0
102E,37,0.81,11.5,Noelle,4/24/23,,1,0
102E,37,1.39,11,Noelle,4/24/23,,1,0
102E,37,2.01,11,Noelle,4/24/23,,1,0
102E,35,3.16,17,Noelle,4/24/23,,1,0
102E,35,3.85,15.5,Noelle,4/24/23,,1,0
102E,35,2.29,15,Noelle,4/24/23,,1,0
102E,35,2.33,15,Noelle,4/24/23,,1,0
102E,35,3.27,15,Noelle,4/24/23,,1,0
102E,35,1.86,13.5,Noelle,4/25/23,,1,0
102E,35,2.32,13.5,Noelle,4/24/23,,1,0
102E,35,2.7,13.5,Noelle,4/24/23,,1,0
102E,35,2.09,13,Noelle,4/24/23,,1,0
102E,35,0.92,9.5,Noelle,4/24/23,,1,0
102E,33,2.64,14,Noelle,4/24/23,,1,0
102E,33,2.81,13.5,Noelle,4/24/23,,1,0
102E,33,1.64,13,Noelle,4/24/23,,1,0
102E,33,2.62,13,Noelle,4/24/23,,1,0
102E,33,1.52,12.5,Noelle,4/24/23,,1,0
102E,33,2.79,12.5,Noelle,4/24/23,,1,0
102E,33,1.66,12,Noelle,4/25/23,,1,0
102E,33,0.86,11.5,Noelle,4/25/23,,1,0
102E,33,1.39,11.5,Noelle,4/24/23,,1,0
102E,33,1.67,11.5,Noelle,4/24/23,,1,0
102E,33,1.92,11.5,Noelle,4/24/23,,1,0
102E,33,2.36,11.5,Noelle,4/24/23,,1,0
102E,33,1.37,11,Noelle,4/24/23,,1,0
102E,33,1.51,11,Noelle,4/25/23,,1,0
102E,33,1.7,11,Noelle,4/24/23,,1,0
102E,33,0.8,10.5,Noelle,4/24/23,,1,0
102E,33,NA,9.5,Noelle,4/24/23,,1,0
102E,31,2.41,14.5,Noelle,4/24/23,,1,0
102E,31,1.91,12.5,Noelle,4/24/23,,1,0
102E,31,1.43,12,Noelle,4/24/23,,1,0
102E,31,1.81,12,Noelle,4/24/23,,1,0
102E,31,1.09,11.5,Noelle,4/25/23,,1,0
102E,31,1.86,11.5,Noelle,4/25/23,,1,0
102E,31,1.09,11,Noelle,4/24/23,,1,0
102E,31,1.1,11,Noelle,4/25/23,,1,0
102E,31,1.05,10.5,Noelle,4/25/23,,1,0
102E,31,1.37,10.5,Noelle,4/25/23,,1,0
102E,31,1.69,10.5,Noelle,4/25/23,,1,0
102E,31,NA,10,Noelle,4/25/23,,1,0
102E,31,0.62,9.5,Noelle,4/25/23,,1,0
102E,31,0.88,9.5,Noelle,4/25/23,,1,0
102E,31,NA,9.5,Noelle,4/25/23,,1,0
102E,31,NA,9.5,Noelle,4/25/23,,1,0
102E,31,NA,9.5,Noelle,4/25/23,,1,0
102E,31,NA,9.5,Noelle,4/25/23,,1,0
102E,31,1.21,9,Noelle,4/25/23,,1,0
102E,31,1.4,9,Noelle,4/24/23,,1,0
102E,31,NA,9,Noelle,4/25/23,,1,0
102E,31,NA,9,Noelle,4/25/23,,1,0
102E,31,NA,9,Noelle,4/25/23,,1,0
102E,31,NA,8.5,Noelle,4/25/23,,1,0
102E,31,NA,8.5,Noelle,4/25/23,,1,0
102E,31,NA,8.5,Noelle,4/25/23,,1,0
102E,31,NA,8.5,Noelle,4/25/23,,1,0
102E,31,NA,8.5,Noelle,4/25/23,,1,0
102E,31,NA,8.5,Noelle,4/25/23,,1,0
102E,31,NA,8.5,Noelle,4/25/23,,1,0
102E,31,NA,8,Noelle,4/25/23,,1,0
102E,31,NA,8,Noelle,4/25/23,,1,0
102E,31,NA,8,Noelle,4/25/23,,1,0
102E,31,NA,8,Noelle,4/25/23,,1,0
102E,31,NA,8,Noelle,4/25/23,,1,0
102E,31,NA,8,Noelle,4/25/23,,1,0
102E,31,NA,7.5,Noelle,4/25/23,,1,0
102E,31,NA,7.5,Noelle,4/25/23,,1,0
102E,31,NA,7.5,Noelle,4/25/23,,1,0
102E,31,NA,7.5,Noelle,4/25/23,,1,0
102E,31,NA,7,Noelle,4/25/23,,1,0
102E,31,NA,7,Noelle,4/25/23,,1,0
102E,31,NA,7,Noelle,4/25/23,,1,0
102E,31,NA,7,Noelle,4/25/23,,1,0
102E,31,NA,6.5,Noelle,4/25/23,,1,0
102E,31,NA,6.5,Noelle,4/25/23,,1,0
102E,31,NA,6.5,Noelle,4/25/23,,1,0
102E,31,NA,6,Noelle,4/25/23,,1,0
102E,31,NA,6,Noelle,4/25/23,,1,0
102E,31,NA,6,Noelle,4/25/23,,1,0
102E,31,NA,6,Noelle,4/25/23,,1,0
102E,31,NA,5.5,Noelle,4/25/23,,1,0
102E,31,NA,5.5,Noelle,4/25/23,,1,0
102E,31,NA,5.5,Noelle,4/25/23,,1,0
102E,25,NA,8.5,Noelle,4/25/23,,1,0
102E,25,NA,8.5,Noelle,4/25/23,,1,0
102E,25,NA,8,Noelle,4/25/23,,1,0
102E,25,NA,8,Noelle,4/25/23,,1,0
102E,25,NA,7.5,Noelle,4/25/23,,1,0
102E,25,NA,7.5,Noelle,4/25/23,,1,0
102E,25,NA,7.5,Noelle,4/25/23,,1,0
102E,25,NA,7.5,Noelle,4/25/23,,1,0
102E,25,NA,7,Noelle,4/25/23,,1,0
102E,25,NA,7,Noelle,4/25/23,,1,0
102E,25,NA,7,Noelle,4/25/23,,1,0
102E,25,NA,6.5,Noelle,4/25/23,,1,0
102E,25,NA,6.5,Noelle,4/25/23,,1,0
102E,25,NA,6.5,Noelle,4/25/23,,1,0
102E,25,NA,6.5,Noelle,4/25/23,,1,0
102E,25,NA,6.5,Noelle,4/25/23,,1,0
102E,25,NA,6,Noelle,4/25/23,,1,0
102E,25,NA,6,Noelle,4/25/23,,1,0
102E,25,NA,6,Noelle,4/25/23,,1,0
102E,25,NA,5.5,Noelle,4/25/23,,1,0
102E,25,NA,5.5,Noelle,4/25/23,,1,0
102E,15,NA,5.5,Noelle,4/25/23,,1,0
102E,15,NA,5.5,Noelle,4/25/23,,1,0
102E,15,NA,5.5,Noelle,4/25/23,,1,0
102E,15,NA,5,Noelle,4/25/23,,1,0
102E,15,NA,5,Noelle,4/25/23,,1,0
102E,15,NA,5,Noelle,4/25/23,,1,0
102E,15,NA,5,Noelle,4/25/23,,1,0
102E,15,NA,5,Noelle,4/25/23,,1,0
102E,15,NA,5,Noelle,4/25/23,,1,0
102E,15,NA,5,Noelle,4/25/23,,1,0
102E,15,NA,4.5,Noelle,4/25/23,,1,0
102E,15,NA,4.5,Noelle,4/25/23,,1,0
102E,15,NA,4.5,Noelle,4/25/23,,1,0
102E,15,NA,4.5,Noelle,4/25/23,,1,0
102E,15,NA,4.5,Noelle,4/25/23,,1,0
102E,15,NA,4.5,Noelle,4/25/23,,1,0
102E,15,NA,4.5,Noelle,4/25/23,,1,0
102E,15,NA,4.5,Noelle,4/25/23,,1,0
102E,15,NA,4,Noelle,4/25/23,,1,0
102E,15,NA,4,Noelle,4/25/23,,1,0
102E,15,NA,4,Noelle,4/25/23,,1,0
102E,15,NA,3.5,Noelle,4/25/23,,1,0
102E,15,NA,3.5,Noelle,4/25/23,,1,0
102E,15,NA,3.5,Noelle,4/25/23,,1,0
102E,15,NA,3.5,Noelle,4/25/23,,1,0
102E,15,NA,3.5,Noelle,4/25/23,,1,0
102E,15,NA,3.5,Noelle,4/25/23,,1,0
102E,15,NA,3.5,Noelle,4/25/23,,1,0
102E,15,NA,3.5,Noelle,4/25/23,,1,0
102E,15,NA,3,Noelle,4/25/23,,1,0
102E,15,NA,3,Noelle,4/25/23,,1,0
102E,15,NA,3,Noelle,4/25/23,,1,0
102E,15,NA,3,Noelle,4/25/23,,1,0
102E,15,NA,3,Noelle,4/25/23,,1,0
102E,15,NA,3,Noelle,4/25/23,,1,0
102E,15,NA,3,Noelle,4/25/23,,1,0
102E,15,NA,2.5,Noelle,4/25/23,,1,0
102E,15,NA,2.5,Noelle,4/25/23,,1,0
102E,15,NA,2.5,Noelle,4/25/23,,1,0
102E,15,NA,2.5,Noelle,4/25/23,,1,0
102E,15,NA,2.5,Noelle,4/25/23,,1,0
103E,41,2.65,18.5,Laurel,4/27/23,,1,1.5
103E,41,1.83,13.5,Laurel,4/27/23,,1,1.5
103E,41,1.9,13,Laurel,4/27/23,,1,1.5
103E,41,1.71,12,Laurel,4/27/23,,1,1.5
103E,41,1.39,9.5,Laurel,4/27/23,,1,1.5
103E,41,1.1,9,Laurel,4/27/23,,1,1.5
103E,41,NA,5.5,Laurel,4/27/23,,1,1.5
103E,41,NA,5.5,Laurel,4/27/23,,1,1.5
103E,39,2.67,17.5,Laurel,4/27/23,,1,1.5
103E,39,2.75,17.5,Laurel,4/27/23,,1,1.5
103E,39,1.54,10.5,Laurel,4/27/23,,1,1.5
103E,37,3.65,20,Laurel,4/27/23,,1,1.5
103E,37,2.46,18,Laurel,4/27/23,,1,1.5
103E,37,3.25,18,Laurel,4/27/23,,1,1.5
103E,37,3.12,17.5,Laurel,4/27/23,,1,1.5
103E,37,2.62,17,Laurel,4/27/23,,1,1.5
103E,37,2.69,17,Laurel,4/27/23,,1,1.5
103E,37,2.94,16.5,Laurel,4/27/23,,1,1.5
103E,37,2.03,16,Laurel,4/27/23,,1,1.5
103E,37,2.36,16,Laurel,4/27/23,,1,1.5
103E,37,2.95,16,Laurel,4/27/23,,1,1.5
103E,37,2.54,14,Laurel,4/27/23,,1,1.5
103E,37,1.82,13.5,Laurel,4/27/23,,1,1.5
103E,37,2.27,13.5,Laurel,4/27/23,,1,1.5
103E,37,2.31,13.5,Laurel,4/27/23,,1,1.5
103E,37,1.69,12,Laurel,4/27/23,,1,1.5
103E,37,2.37,12,Laurel,4/27/23,,1,1.5
103E,37,1.6,9.5,Laurel,4/27/23,,1,1.5
103E,37,NA,8.5,Laurel,4/27/23,,1,1.5
103E,35,3.92,20.5,Laurel,4/27/23,,1,1.5
103E,35,2.75,19,Laurel,4/27/23,SAME3,1,1.5
103E,35,2.4,18,Laurel,4/27/23,,1,1.5
103E,35,3.34,18,Laurel,4/27/23,,1,1.5
103E,35,2.96,15,Laurel,4/27/23,,1,1.5
103E,35,1.75,14.5,Laurel,4/27/23,,1,1.5
103E,35,2.21,13.5,Laurel,4/27/23,,1,1.5
103E,35,2.68,13.5,Laurel,4/27/23,,1,1.5
103E,35,1.95,13,Laurel,4/27/23,,1,1.5
103E,35,1.08,12.5,Laurel,4/27/23,,1,1.5
103E,35,1.47,11.5,Laurel,4/27/23,,1,1.5
103E,35,1.35,11,Laurel,4/27/23,,1,1.5
103E,35,1.38,11,Laurel,4/27/23,,1,1.5
103E,35,1.5,11,Laurel,4/27/23,,1,1.5
103E,35,1.96,11,Laurel,4/27/23,,1,1.5
103E,35,1.06,10,Laurel,4/27/23,,1,1.5
103E,35,1.93,10,Laurel,4/27/23,,1,1.5
103E,35,NA,7,Laurel,4/27/23,,1,1.5
103E,35,NA,5.5,Laurel,4/27/23,,1,1.5
103E,35,NA,4,Laurel,4/27/23,,1,1.5
103E,33,2.74,18,Laurel,4/27/23,SAME2,1,1.5
103E,33,2.86,18,Laurel,4/27/23,SAME1,1,1.5
103E,33,3.05,17,Laurel,4/27/23,,1,1.5
103E,33,2.42,14,Laurel,4/27/23,,1,1.5
103E,33,1.78,13,Laurel,4/27/23,SAME2,1,1.5
103E,33,1.72,12,Laurel,4/27/23,,1,1.5
103E,33,1.19,11.5,Laurel,4/27/23,,1,1.5
103E,33,NA,11.5,Laurel,4/27/23,,1,1.5
103E,33,1.21,10,Laurel,4/27/23,,1,1.5
103E,33,NA,9,Laurel,4/27/23,,1,1.5
103E,33,NA,8.5,Laurel,4/27/23,,1,1.5
103E,33,NA,5.5,Laurel,4/27/23,,1,1.5
103E,31,0.93,11,Laurel,4/27/23,,1,1.5
103E,31,0.93,10.5,Laurel,4/27/23,,1,1.5
103E,31,0.95,10,Laurel,4/27/23,,1,1.5
103E,31,NA,10,Laurel,4/27/23,,1,1.5
103E,31,NA,9,Laurel,4/27/23,SAME3,1,1.5
103E,31,NA,8,Laurel,4/27/23,,1,1.5
103E,31,NA,7.5,Laurel,4/27/23,SAME1,1,1.5
103E,31,NA,7,Laurel,4/27/23,,1,1.5
103E,31,NA,7,Laurel,4/27/23,,1,1.5
103E,31,NA,7,Laurel,4/27/23,,1,1.5
103E,31,NA,6.5,Laurel,4/27/23,,1,1.5
103E,31,NA,6.5,Laurel,4/27/23,,1,1.5
103E,31,NA,6.5,Laurel,4/27/23,SAME3,1,1.5
103E,25,NA,9,Laurel,4/27/23,,1,1.5
103E,25,NA,6.5,Laurel,4/27/23,,1,1.5
103E,25,NA,6,Laurel,4/27/23,,1,1.5
103E,15,NA,7,Laurel,4/27/23,,1,1.5
103E,15,NA,6.5,Laurel,4/27/23,,1,1.5
103E,15,NA,6.5,Laurel,4/27/23,,1,1.5
103E,15,NA,6,Laurel,4/27/23,,1,1.5
103E,15,NA,6,Laurel,4/27/23,,1,1.5
103E,15,NA,6,Laurel,4/27/23,,1,1.5
103E,15,NA,6,Laurel,4/27/23,,1,1.5
103E,15,NA,6,Laurel,4/27/23,,1,1.5
103E,15,NA,6,Laurel,4/27/23,,1,1.5
103E,15,NA,6,Laurel,4/27/23,,1,1.5
103E,15,NA,5.5,Laurel,4/27/23,SAME2,1,1.5
103E,15,NA,5.5,Laurel,4/27/23,SAME2,1,1.5
103E,15,NA,5,Laurel,4/27/23,,1,1.5
103E,15,NA,5,Laurel,4/27/23,,1,1.5
103E,15,NA,5,Laurel,4/27/23,,1,1.5
103E,15,NA,5,Laurel,4/27/23,,1,1.5
103E,15,NA,5,Laurel,4/27/23,,1,1.5
103E,15,NA,5,Laurel,4/27/23,,1,1.5
103E,15,NA,5,Laurel,4/27/23,,1,1.5
103E,15,NA,5,Laurel,4/27/23,,1,1.5
103E,15,NA,5,Laurel,4/27/23,SAME1,1,1.5
103E,15,NA,5,Laurel,4/27/23,SAME1,1,1.5
103E,15,NA,5,Laurel,4/27/23,SAME3,1,1.5
103E,15,NA,4.5,Laurel,4/27/23,,1,1.5
103E,15,NA,4.5,Laurel,4/27/23,,1,1.5
103E,15,NA,4.5,Laurel,4/27/23,,1,1.5
103E,15,NA,4.5,Laurel,4/27/23,,1,1.5
103E,15,NA,4.5,Laurel,4/27/23,,1,1.5
103E,15,NA,4.5,Laurel,4/27/23,,1,1.5
103E,15,NA,4.5,Laurel,4/27/23,,1,1.5
103E,15,NA,4.5,Laurel,4/27/23,,1,1.5
103E,15,NA,4.5,Laurel,4/27/23,,1,1.5
103E,15,NA,4.5,Laurel,4/27/23,,1,1.5
103E,15,NA,4,Laurel,4/27/23,,1,1.5
103E,15,NA,4,Laurel,4/27/23,,1,1.5
103E,15,NA,4,Laurel,4/27/23,,1,1.5
103E,15,NA,4,Laurel,4/27/23,,1,1.5
103E,15,NA,4,Laurel,4/27/23,,1,1.5
103E,15,NA,4,Laurel,4/27/23,,1,1.5
103E,15,NA,4,Laurel,4/27/23,,1,1.5
103E,15,NA,4,Laurel,4/27/23,,1,1.5
103E,15,NA,4,Laurel,4/27/23,,1,1.5
103E,15,NA,4,Laurel,4/27/23,,1,1.5
103E,15,NA,4,Laurel,4/27/23,,1,1.5
103E,15,NA,4,Laurel,4/27/23,,1,1.5
103E,15,NA,3.5,Laurel,4/27/23,,1,1.5
103E,15,NA,3.5,Laurel,4/27/23,,1,1.5
103E,15,NA,3.5,Laurel,4/27/23,,1,1.5
103E,15,NA,3.5,Laurel,4/27/23,,1,1.5
103E,15,NA,3.5,Laurel,4/27/23,,1,1.5
103E,15,NA,3.5,Laurel,4/27/23,SAME1,1,1.5
103E,15,NA,3.5,Laurel,4/27/23,,1,1.5
103E,15,NA,3.5,Laurel,4/27/23,,1,1.5
103E,15,NA,3,Laurel,4/27/23,,1,1.5
103E,15,NA,3,Laurel,4/27/23,,1,1.5
103E,15,NA,3,Laurel,4/27/23,,1,1.5
103E,15,NA,3,Laurel,4/27/23,,1,1.5
103E,15,NA,3,Laurel,4/27/23,,1,1.5
103E,15,NA,3,Laurel,4/27/23,,1,1.5
103E,15,NA,3,Laurel,4/27/23,,1,1.5
103E,15,NA,3,Laurel,4/27/23,,1,1.5
103E,15,NA,3,Laurel,4/27/23,,1,1.5
103E,15,NA,3,Laurel,4/27/23,SAME2,1,1.5
103E,15,NA,3,Laurel,4/27/23,SAME2,1,1.5
103E,15,NA,3,Laurel,4/27/23,,1,1.5
103E,15,NA,2.5,Laurel,4/27/23,,1,1.5
103E,15,NA,2.5,Laurel,4/27/23,,1,1.5
103E,15,NA,2.5,Laurel,4/27/23,,1,1.5
103E,15,NA,2.5,Laurel,4/27/23,,1,1.5
103E,15,NA,2,Laurel,4/27/23,,1,1.5
201E,45,3.48,26,Laurel,4/26/23,,2,3
201E,45,3.69,25,Laurel,4/26/23,,2,3
201E,45,3.24,23,Laurel,4/26/23,,2,3
201E,45,3.03,22.5,Laurel,4/26/23,,2,3
201E,45,1.55,17,Laurel,4/26/23,,2,3
201E,45,1.67,15.5,Laurel,4/26/23,,2,3
201E,43,3.35,25,Laurel,4/26/23,,2,3
201E,43,3.09,23.5,Laurel,4/26/23,,2,3
201E,43,3.38,22.5,Laurel,4/26/23,,2,3
201E,43,3.57,22.5,Laurel,4/26/23,,2,3
201E,43,2.89,22,Laurel,4/26/23,,2,3
201E,43,3.07,21.5,Laurel,4/26/23,,2,3
201E,43,3.58,21.5,Laurel,4/26/23,,2,3
201E,43,2.05,21,Laurel,4/26/23,,2,3
201E,43,2.64,21,Laurel,4/26/23,,2,3
201E,43,2.74,21,Laurel,4/26/23,,2,3
201E,43,2.63,20.5,Laurel,4/26/23,,2,3
201E,43,2.85,20.5,Laurel,4/26/23,,2,3
201E,43,2.32,19.5,Laurel,4/26/23,,2,3
201E,43,2.34,19.5,Laurel,4/26/23,,2,3
201E,43,2.27,17.5,Laurel,4/26/23,,2,3
201E,43,1.56,12,Laurel,4/26/23,,2,3
201E,41,2.82,24,Laurel,4/26/23,,2,3
201E,41,2.66,23.5,Laurel,4/26/23,,2,3
201E,41,2.13,22,Laurel,4/26/23,,2,3
201E,41,2.51,22,Laurel,4/26/23,,2,3
201E,41,3.23,22,Laurel,4/26/23,,2,3
201E,41,2.11,21.5,Laurel,4/26/23,,2,3
201E,41,2.64,21,Laurel,4/26/23,,2,3
201E,41,2.2,20,Laurel,4/26/23,,2,3
201E,41,2,19.5,Laurel,4/26/23,,2,3
201E,41,2.51,19.5,Laurel,4/26/23,,2,3
201E,41,2.18,18.5,Laurel,4/26/23,,2,3
201E,41,2.55,18,Laurel,4/26/23,,2,3
201E,41,1.74,17.5,Laurel,4/26/23,,2,3
201E,41,2.24,17.5,Laurel,4/26/23,,2,3
201E,41,2.56,17.5,Laurel,4/26/23,,2,3
201E,41,2.21,17,Laurel,4/26/23,,2,3
201E,41,2.27,16.5,Laurel,4/26/23,,2,3
201E,41,1.58,16,Laurel,4/26/23,,2,3
201E,41,2.09,16,Laurel,4/26/23,,2,3
201E,41,2.05,15.5,Laurel,4/26/23,,2,3
201E,41,NA,6.5,Laurel,4/26/23,,2,3
201E,39,3.5,27,Laurel,4/26/23,,2,3
201E,39,3.04,24,Laurel,4/26/23,,2,3
201E,39,2.61,23,Laurel,4/26/23,,2,3
201E,39,2.53,22,Laurel,4/26/23,,2,3
201E,39,2.25,21.5,Laurel,4/26/23,,2,3
201E,39,2.62,21.5,Laurel,4/26/23,,2,3
201E,39,3.19,21.5,Laurel,4/26/23,,2,3
201E,39,2.69,20,Laurel,4/26/23,,2,3
201E,39,3.06,20,Laurel,4/26/23,,2,3
201E,39,3.21,19.5,Laurel,4/26/23,,2,3
201E,39,2.3,19,Laurel,4/26/23,,2,3
201E,39,1.95,18.5,Laurel,4/26/23,,2,3
201E,39,2.07,18.5,Laurel,4/26/23,,2,3
201E,39,2.02,17.5,Laurel,4/26/23,,2,3
201E,39,1.83,16,Laurel,4/26/23,,2,3
201E,39,2.79,16,Laurel,4/26/23,,2,3
201E,39,1.56,14,Laurel,4/26/23,,2,3
201E,39,1.9,14,Laurel,4/26/23,,2,3
201E,39,1.18,12,Laurel,4/26/23,,2,3
201E,39,NA,9.5,Laurel,4/26/23,,2,3
201E,37,3.34,23,Laurel,4/26/23,,2,3
201E,37,3.41,23,Laurel,4/26/23,,2,3
201E,37,2.16,22,Laurel,4/26/23,,2,3
201E,37,2.74,21.5,Laurel,4/26/23,,2,3
201E,37,2.53,20,Laurel,4/26/23,,2,3
201E,37,3.34,19,Laurel,4/26/23,,2,3
201E,37,3.33,18.5,Laurel,4/26/23,,2,3
201E,37,2.65,17.5,Laurel,4/26/23,,2,3
201E,37,2.16,17,Laurel,4/26/23,,2,3
201E,37,2.75,17,Laurel,4/26/23,,2,3
201E,35,3.22,21.5,Laurel,4/26/23,,2,3
201E,35,2.75,18,Laurel,4/26/23,,2,3
201E,35,2.86,17,Laurel,4/26/23,,2,3
201E,35,2.11,16.5,Laurel,4/26/23,,2,3
201E,33,2.75,20,Laurel,4/26/23,,2,3
201E,33,NA,10,Laurel,4/26/23,,2,3
201E,33,1.06,9.5,Laurel,4/26/23,,2,3
201E,33,NA,9.5,Laurel,4/26/23,,2,3
201E,33,NA,5.5,Laurel,4/26/23,,2,3
201E,33,NA,3.5,Laurel,4/26/23,,2,3
201E,31,1.87,13,Laurel,4/26/23,,2,3
201E,31,NA,9.5,Laurel,4/26/23,,2,3
201E,31,NA,7.5,Laurel,4/26/23,,2,3
201E,31,NA,7,Laurel,4/26/23,,2,3
201E,31,NA,5.5,Laurel,4/26/23,,2,3
201E,25,NA,8.5,Laurel,4/26/23,,2,3
201E,25,NA,8.5,Laurel,4/26/23,,2,3
201E,25,NA,8,Laurel,4/26/23,,2,3
201E,25,NA,7.5,Laurel,4/26/23,,2,3
201E,25,NA,7,Laurel,4/26/23,,2,3
201E,25,NA,7,Laurel,4/26/23,,2,3
201E,25,NA,7,Laurel,4/26/23,,2,3
201E,25,NA,7,Laurel,4/26/23,,2,3
201E,25,NA,6.5,Laurel,4/26/23,,2,3
201E,25,NA,6.5,Laurel,4/26/23,,2,3
201E,25,NA,6.5,Laurel,4/26/23,,2,3
201E,25,NA,6.5,Laurel,4/26/23,,2,3
201E,25,NA,6,Laurel,4/26/23,,2,3
201E,25,NA,6,Laurel,4/26/23,,2,3
201E,25,NA,5.5,Laurel,4/26/23,,2,3
201E,25,NA,5.5,Laurel,4/26/23,,2,3
201E,25,NA,5,Laurel,4/26/23,,2,3
201E,25,NA,4,Laurel,4/26/23,,2,3
201E,15,NA,7,Laurel,4/26/23,,2,3
201E,15,NA,7,Laurel,4/26/23,,2,3
201E,15,NA,7,Laurel,4/26/23,,2,3
201E,15,NA,6,Laurel,4/26/23,,2,3
201E,15,NA,6,Laurel,4/26/23,,2,3
201E,15,NA,6,Laurel,4/26/23,,2,3
201E,15,NA,6,Laurel,4/26/23,,2,3
201E,15,NA,6,Laurel,4/26/23,,2,3
201E,15,NA,5.5,Laurel,4/26/23,,2,3
201E,15,NA,5.5,Laurel,4/26/23,,2,3
201E,15,NA,5.5,Laurel,4/26/23,,2,3
201E,15,NA,5.5,Laurel,4/26/23,,2,3
201E,15,NA,5.5,Laurel,4/26/23,,2,3
201E,15,NA,5.5,Laurel,4/26/23,,2,3
201E,15,NA,5.5,Laurel,4/26/23,,2,3
201E,15,NA,5,Laurel,4/26/23,,2,3
201E,15,NA,5,Laurel,4/26/23,,2,3
201E,15,NA,5,Laurel,4/26/23,,2,3
201E,15,NA,5,Laurel,4/26/23,,2,3
201E,15,NA,5,Laurel,4/26/23,,2,3
201E,15,NA,5,Laurel,4/26/23,,2,3
201E,15,NA,5,Laurel,4/26/23,,2,3
201E,15,NA,5,Laurel,4/26/23,,2,3
201E,15,NA,5,Laurel,4/26/23,,2,3
201E,15,NA,5,Laurel,4/26/23,,2,3
201E,15,NA,5,Laurel,4/26/23,,2,3
201E,15,NA,5,Laurel,4/26/23,,2,3
201E,15,NA,5,Laurel,4/26/23,,2,3
201E,15,NA,5,Laurel,4/26/23,,2,3
201E,15,NA,4.5,Laurel,4/26/23,,2,3
201E,15,NA,4.5,Laurel,4/26/23,,2,3
201E,15,NA,4.5,Laurel,4/26/23,,2,3
201E,15,NA,4.5,Laurel,4/26/23,,2,3
201E,15,NA,4.5,Laurel,4/26/23,,2,3
201E,15,NA,4.5,Laurel,4/26/23,,2,3
201E,15,NA,4.5,Laurel,4/26/23,,2,3
201E,15,NA,4.5,Laurel,4/26/23,,2,3
201E,15,NA,4.5,Laurel,4/26/23,,2,3
201E,15,NA,4.5,Laurel,4/26/23,,2,3
201E,15,NA,4.5,Laurel,4/26/23,,2,3
201E,15,NA,4,Laurel,4/26/23,,2,3
201E,15,NA,4,Laurel,4/26/23,,2,3
201E,15,NA,4,Laurel,4/26/23,,2,3
201E,15,NA,4,Laurel,4/26/23,,2,3
201E,15,NA,4,Laurel,4/26/23,,2,3
201E,15,NA,4,Laurel,4/26/23,,2,3
201E,15,NA,4,Laurel,4/26/23,,2,3
201E,15,NA,4,Laurel,4/26/23,,2,3
201E,15,NA,4,Laurel,4/26/23,,2,3
201E,15,NA,4,Laurel,4/26/23,,2,3
201E,15,NA,4,Laurel,4/26/23,,2,3
201E,15,NA,4,Laurel,4/26/23,,2,3
201E,15,NA,4,Laurel,4/26/23,,2,3
201E,15,NA,4,Laurel,4/26/23,,2,3
201E,15,NA,4,Laurel,4/26/23,,2,3
201E,15,NA,4,Laurel,4/26/23,,2,3
201E,15,NA,4,Laurel,4/26/23,,2,3
201E,15,NA,3.5,Laurel,4/26/23,,2,3
201E,15,NA,3.5,Laurel,4/26/23,,2,3
201E,15,NA,3.5,Laurel,4/26/23,,2,3
201E,15,NA,3.5,Laurel,4/26/23,,2,3
201E,15,NA,3.5,Laurel,4/26/23,,2,3
201E,15,NA,3.5,Laurel,4/26/23,,2,3
201E,15,NA,3.5,Laurel,4/26/23,,2,3
201E,15,NA,3.5,Laurel,4/26/23,,2,3
201E,15,NA,3,Laurel,4/26/23,,2,3
201E,15,NA,3,Laurel,4/26/23,,2,3
201E,15,NA,3,Laurel,4/26/23,,2,3
201E,15,NA,3,Laurel,4/26/23,,2,3
201E,15,NA,3,Laurel,4/26/23,,2,3
201E,15,NA,3,Laurel,4/26/23,,2,3
201E,15,NA,3,Laurel,4/26/23,,2,3
201E,15,NA,3,Laurel,4/26/23,,2,3
201E,15,NA,3,Laurel,4/26/23,,2,3
201E,15,NA,3,Laurel,4/26/23,,2,3
201E,15,NA,3,Laurel,4/26/23,,2,3
201E,15,NA,3,Laurel,4/26/23,,2,3
201E,15,NA,3,Laurel,4/26/23,,2,3
201E,15,NA,3,Laurel,4/26/23,,2,3
201E,15,NA,3,Laurel,4/26/23,,2,3
201E,15,NA,3,Laurel,4/26/23,,2,3
201E,15,NA,3,Laurel,4/26/23,,2,3
201E,15,NA,3,Laurel,4/26/23,,2,3
201E,15,NA,3,Laurel,4/26/23,,2,3
201E,15,NA,2.5,Laurel,4/26/23,,2,3
201E,15,NA,2.5,Laurel,4/26/23,,2,3
201E,15,NA,2.5,Laurel,4/26/23,,2,3
202E,43,3.35,19,Laurel,4/24/23,,2,1.5
202E,43,3.05,18.5,Laurel,4/24/23,,2,1.5
202E,41,3.4,22,Laurel,4/24/23,,2,1.5
202E,41,2.85,20,Laurel,4/24/23,,2,1.5
202E,41,3.43,17.5,Laurel,4/24/23,,2,1.5
202E,41,2.88,17,Laurel,4/24/23,,2,1.5
202E,41,2.88,17,Laurel,4/24/23,,2,1.5
202E,41,2.08,14,Laurel,4/24/23,,2,1.5
202E,39,3.23,17.5,Laurel,4/24/23,,2,1.5
202E,39,1.84,15,Laurel,4/24/23,,2,1.5
202E,39,2.1,14,Laurel,4/24/23,,2,1.5
202E,39,1.92,12,Laurel,4/24/23,,2,1.5
202E,39,1.52,11,Laurel,4/24/23,,2,1.5
202E,39,NA,5,Laurel,4/24/23,,2,1.5
202E,37,3.44,20,Laurel,4/24/23,,2,1.5
202E,37,2.67,18.5,Laurel,4/24/23,,2,1.5
202E,37,3.29,18.5,Laurel,4/24/23,,2,1.5
202E,37,3.94,18,Laurel,4/24/23,,2,1.5
202E,37,2.86,17.5,Laurel,4/24/23,,2,1.5
202E,37,2.17,17,Laurel,4/24/23,,2,1.5
202E,37,3.2,17,Laurel,4/24/23,,2,1.5
202E,37,3.17,16.5,Laurel,4/24/23,,2,1.5
202E,37,3.42,16.5,Laurel,4/24/23,,2,1.5
202E,37,2.53,16,Laurel,4/24/23,,2,1.5
202E,37,3.06,16,Laurel,4/24/23,,2,1.5
202E,37,2.42,15.5,Laurel,4/24/23,,2,1.5
202E,37,2.55,14,Laurel,4/24/23,,2,1.5
202E,37,2.79,14,Laurel,4/24/23,,2,1.5
202E,37,3.5,14,Laurel,4/24/23,,2,1.5
202E,37,2.51,13.5,Laurel,4/24/23,,2,1.5
202E,37,1.46,13,Laurel,4/24/23,,2,1.5
202E,37,1.87,13,Laurel,4/24/23,,2,1.5
202E,37,2.18,13,Laurel,4/24/23,,2,1.5
202E,37,2.41,13,Laurel,4/24/23,,2,1.5
202E,37,1.58,12,Laurel,4/24/23,,2,1.5
202E,37,1.4,11.5,Laurel,4/24/23,,2,1.5
202E,37,1.3,11,Laurel,4/24/23,,2,1.5
202E,37,2.03,11,Laurel,4/24/23,,2,1.5
202E,37,0.99,10.5,Laurel,4/24/23,,2,1.5
202E,37,1.34,10.5,Laurel,4/24/23,,2,1.5
202E,37,1.5,9,Laurel,4/24/23,,2,1.5
202E,37,NA,8,Laurel,4/24/23,,2,1.5
202E,37,NA,8,Laurel,4/24/23,,2,1.5
202E,37,NA,7.5,Laurel,4/24/23,,2,1.5
202E,35,2.35,16,Laurel,4/24/23,,2,1.5
202E,35,2.79,15,Laurel,4/24/23,,2,1.5
202E,35,1.52,12,Laurel,4/24/23,,2,1.5
202E,35,0.8,9.5,Laurel,4/24/23,,2,1.5
202E,35,0.74,9,Laurel,4/24/23,,2,1.5
202E,31,2.33,14,Laurel,4/24/23,,2,1.5
202E,31,NA,9.5,Laurel,4/24/23,,2,1.5
202E,31,NA,9,Laurel,4/24/23,,2,1.5
202E,31,NA,9,Laurel,4/24/23,,2,1.5
202E,31,NA,8.5,Laurel,4/24/23,,2,1.5
202E,31,NA,8.5,Laurel,4/24/23,,2,1.5
202E,31,NA,8.5,Laurel,4/24/23,,2,1.5
202E,31,0.63,8,Laurel,4/24/23,,2,1.5
202E,31,NA,8,Laurel,4/24/23,,2,1.5
202E,31,NA,7,Laurel,4/24/23,,2,1.5
202E,31,NA,7,Laurel,4/24/23,,2,1.5
202E,31,NA,7,Laurel,4/24/23,,2,1.5
202E,31,NA,7,Laurel,4/24/23,,2,1.5
202E,31,NA,5,Laurel,4/24/23,,2,1.5
202E,25,NA,7.5,Laurel,4/24/23,,2,1.5
202E,25,NA,6.5,Laurel,4/24/23,,2,1.5
202E,25,NA,6,Laurel,4/24/23,,2,1.5
202E,25,NA,6,Laurel,4/24/23,,2,1.5
202E,25,NA,5.5,Laurel,4/24/23,,2,1.5
202E,25,NA,5.5,Laurel,4/24/23,,2,1.5
202E,25,NA,5.5,Laurel,4/24/23,,2,1.5
202E,25,NA,5,Laurel,4/24/23,,2,1.5
202E,25,NA,5,Laurel,4/24/23,,2,1.5
202E,25,NA,5,Laurel,4/24/23,,2,1.5
202E,25,NA,5,Laurel,4/24/23,,2,1.5
202E,25,NA,5,Laurel,4/24/23,,2,1.5
202E,25,NA,4.5,Laurel,4/24/23,,2,1.5
202E,25,NA,4.5,Laurel,4/24/23,,2,1.5
202E,25,NA,4.5,Laurel,4/24/23,,2,1.5
202E,25,NA,4,Laurel,4/24/23,,2,1.5
202E,25,NA,4,Laurel,4/24/23,,2,1.5
202E,15,NA,5,Laurel,4/24/23,,2,1.5
202E,15,NA,5,Laurel,4/24/23,,2,1.5
202E,15,NA,5,Laurel,4/24/23,,2,1.5
202E,15,NA,5,Laurel,4/24/23,,2,1.5
202E,15,NA,5,Laurel,4/24/23,,2,1.5
202E,15,NA,5,Laurel,4/24/23,,2,1.5
202E,15,NA,5,Laurel,4/24/23,,2,1.5
202E,15,NA,4.5,Laurel,4/24/23,,2,1.5
202E,15,NA,4.5,Laurel,4/24/23,,2,1.5
202E,15,NA,4.5,Laurel,4/24/23,,2,1.5
202E,15,NA,4.5,Laurel,4/24/23,,2,1.5
202E,15,NA,4.5,Laurel,4/24/23,,2,1.5
202E,15,NA,4.5,Laurel,4/24/23,,2,1.5
202E,15,NA,4.5,Laurel,4/24/23,,2,1.5
202E,15,NA,4,Laurel,4/24/23,,2,1.5
202E,15,NA,4,Laurel,4/24/23,,2,1.5
202E,15,NA,4,Laurel,4/24/23,,2,1.5
202E,15,NA,4,Laurel,4/24/23,,2,1.5
202E,15,NA,4,Laurel,4/24/23,,2,1.5
202E,15,NA,4,Laurel,4/24/23,,2,1.5
202E,15,NA,4,Laurel,4/24/23,,2,1.5
202E,15,NA,4,Laurel,4/24/23,,2,1.5
202E,15,NA,4,Laurel,4/24/23,,2,1.5
202E,15,NA,4,Laurel,4/24/23,,2,1.5
202E,15,NA,3.5,Laurel,4/24/23,,2,1.5
202E,15,NA,3.5,Laurel,4/24/23,,2,1.5
202E,15,NA,3.5,Laurel,4/24/23,,2,1.5
202E,15,NA,3.5,Laurel,4/24/23,,2,1.5
202E,15,NA,3.5,Laurel,4/24/23,,2,1.5
202E,15,NA,3,Laurel,4/24/23,,2,1.5
202E,15,NA,3,Laurel,4/24/23,,2,1.5
202E,15,NA,3,Laurel,4/24/23,,2,1.5
202E,15,NA,3,Laurel,4/24/23,,2,1.5
202E,15,NA,3,Laurel,4/24/23,,2,1.5
202E,15,NA,3,Laurel,4/24/23,,2,1.5
202E,15,NA,3,Laurel,4/24/23,,2,1.5
202E,15,NA,2.5,Laurel,4/24/23,,2,1.5
203E,41,2.54,17,Laurel,4/25/23,,2,0
203E,41,2.77,16,Laurel,4/25/23,,2,0
203E,41,2.73,15,Laurel,4/25/23,,2,0
203E,39,2.54,11,Laurel,4/25/23,,2,0
203E,39,0.59,7.5,Laurel,4/25/23,,2,0
203E,39,NA,6,Laurel,4/25/23,,2,0
203E,37,2.44,16.5,Laurel,4/25/23,,2,0
203E,37,1.35,16,Laurel,4/25/23,,2,0
203E,37,3.14,16,Laurel,4/25/23,,2,0
203E,37,2.46,15,Laurel,4/25/23,,2,0
203E,37,2.05,14,Laurel,4/25/23,,2,0
203E,37,2.13,13,Laurel,4/25/23,,2,0
203E,37,1.51,12,Laurel,4/25/23,,2,0
203E,37,1.69,12,Laurel,4/25/23,,2,0
203E,37,2.1,12,Laurel,4/25/23,,2,0
203E,37,1.13,11,Laurel,4/25/23,,2,0
203E,37,1.14,11,Laurel,4/25/23,,2,0
203E,37,1.51,11,Laurel,4/25/23,,2,0
203E,37,0.93,10.5,Laurel,4/25/23,,2,0
203E,37,1.26,10,Laurel,4/25/23,,2,0
203E,37,1.38,10,Laurel,4/25/23,,2,0
203E,37,0.61,9.5,Laurel,4/25/23,,2,0
203E,37,NA,8,Laurel,4/25/23,,2,0
203E,37,NA,7.5,Laurel,4/25/23,,2,0
203E,37,NA,5.5,Laurel,4/25/23,,2,0
203E,35,2.55,15,Laurel,4/25/23,,2,0
203E,35,1.68,14,Laurel,4/25/23,,2,0
203E,35,2.07,14,Laurel,4/25/23,,2,0
203E,35,2.03,13,Laurel,4/25/23,,2,0
203E,35,2.6,12.5,Laurel,4/25/23,,2,0
203E,33,2.63,15.5,Laurel,4/25/23,,2,0
203E,33,1.88,14,Laurel,4/25/23,,2,0
203E,33,2.73,14,Laurel,4/25/23,,2,0
203E,33,1.83,13.5,Laurel,4/25/23,,2,0
203E,33,1.84,13,Laurel,4/25/23,,2,0
203E,33,2.02,13,Laurel,4/25/23,,2,0
203E,33,1.74,12.5,Laurel,4/25/23,,2,0
203E,33,2.09,12,Laurel,4/25/23,,2,0
203E,33,1.13,11,Laurel,4/25/23,,2,0
203E,33,1.36,10,Laurel,4/25/23,,2,0
203E,33,0.38,8.5,Laurel,4/25/23,,2,0
203E,33,NA,8.5,Laurel,4/25/23,,2,0
203E,33,NA,8,Laurel,4/25/23,,2,0
203E,31,2.16,15.5,Laurel,4/25/23,,2,0
203E,31,2.21,15.5,Laurel,4/25/23,,2,0
203E,31,2.47,15,Laurel,4/25/23,,2,0
203E,31,3.4,15,Laurel,4/25/23,,2,0
203E,31,2.05,14.5,Laurel,4/25/23,,2,0
203E,31,1.35,14,Laurel,4/25/23,,2,0
203E,31,1.93,13.5,Laurel,4/25/23,,2,0
203E,31,1.5,12.5,Laurel,4/25/23,,2,0
203E,31,1.44,12,Laurel,4/25/23,,2,0
203E,31,1.79,12,Laurel,4/25/23,,2,0
203E,31,1.76,12,Laurel,4/25/23,,2,0
203E,31,0.74,11.5,Laurel,4/25/23,,2,0
203E,31,1.04,11.5,Laurel,4/25/23,,2,0
203E,31,1.54,11,Laurel,4/25/23,,2,0
203E,31,0.45,10,Laurel,4/25/23,,2,0
203E,31,0.72,9.5,Laurel,4/25/23,,2,0
203E,31,0.43,8,Laurel,4/25/23,,2,0
203E,31,NA,8,Laurel,4/25/23,,2,0
203E,31,NA,8,Laurel,4/25/23,,2,0
203E,31,0.81,7,Laurel,4/25/23,,2,0
203E,31,NA,6,Laurel,4/25/23,,2,0
203E,31,NA,6,Laurel,4/25/23,,2,0
203E,31,NA,5.5,Laurel,4/25/23,,2,0
203E,31,NA,5.5,Laurel,4/25/23,,2,0
203E,31,NA,5.5,Laurel,4/25/23,,2,0
203E,31,NA,5.5,Laurel,4/25/23,,2,0
203E,31,NA,5,Laurel,4/25/23,,2,0
203E,31,NA,5,Laurel,4/25/23,,2,0
203E,25,1,11,Laurel,4/25/23,,2,0
203E,25,NA,9.5,Laurel,4/25/23,,2,0
203E,25,NA,9,Laurel,4/25/23,,2,0
203E,25,NA,8.5,Laurel,4/25/23,,2,0
203E,25,NA,8,Laurel,4/25/23,,2,0
203E,25,NA,8,Laurel,4/25/23,,2,0
203E,25,NA,7.5,Laurel,4/25/23,,2,0
203E,25,NA,7.5,Laurel,4/25/23,,2,0
203E,25,NA,7.5,Laurel,4/25/23,,2,0
203E,25,NA,7,Laurel,4/25/23,,2,0
203E,25,NA,7,Laurel,4/25/23,,2,0
203E,25,NA,6.5,Laurel,4/25/23,,2,0
203E,25,NA,6.5,Laurel,4/25/23,,2,0
203E,25,NA,6.5,Laurel,4/25/23,,2,0
203E,25,NA,6.5,Laurel,4/25/23,,2,0
203E,25,NA,6.5,Laurel,4/25/23,,2,0
203E,25,NA,6,Laurel,4/25/23,,2,0
203E,25,NA,6,Laurel,4/25/23,,2,0
203E,25,NA,6,Laurel,4/25/23,,2,0
203E,25,NA,6,Laurel,4/25/23,,2,0
203E,25,NA,6,Laurel,4/25/23,,2,0
203E,25,NA,5.5,Laurel,4/25/23,,2,0
203E,25,NA,5.5,Laurel,4/25/23,,2,0
203E,25,NA,5.5,Laurel,4/25/23,,2,0
203E,25,NA,5,Laurel,4/25/23,,2,0
203E,15,NA,7,Laurel,4/25/23,,2,0
203E,15,NA,6.5,Laurel,4/25/23,,2,0
203E,15,NA,6,Laurel,4/25/23,,2,0
203E,15,NA,6,Laurel,4/25/23,,2,0
203E,15,NA,6,Laurel,4/25/23,,2,0
203E,15,NA,6,Laurel,4/25/23,,2,0
203E,15,NA,5.5,Laurel,4/25/23,,2,0
203E,15,NA,5.5,Laurel,4/25/23,,2,0
203E,15,NA,5.5,Laurel,4/25/23,,2,0
203E,15,NA,5.5,Laurel,4/25/23,,2,0
203E,15,NA,5.5,Laurel,4/25/23,,2,0
203E,15,NA,5,Laurel,4/25/23,,2,0
203E,15,NA,5,Laurel,4/25/23,,2,0
203E,15,NA,5,Laurel,4/25/23,,2,0
203E,15,NA,5,Laurel,4/25/23,,2,0
203E,15,NA,5,Laurel,4/25/23,,2,0
203E,15,NA,5,Laurel,4/25/23,,2,0
203E,15,NA,5,Laurel,4/25/23,,2,0
203E,15,NA,4.5,Laurel,4/25/23,,2,0
203E,15,NA,4.5,Laurel,4/25/23,,2,0
203E,15,NA,4.5,Laurel,4/25/23,,2,0
203E,15,NA,4.5,Laurel,4/25/23,,2,0
203E,15,NA,4.5,Laurel,4/25/23,,2,0
203E,15,NA,4.5,Laurel,4/25/23,,2,0
203E,15,NA,4,Laurel,4/25/23,,2,0
203E,15,NA,4,Laurel,4/25/23,,2,0
203E,15,NA,4,Laurel,4/25/23,,2,0
203E,15,NA,4,Laurel,4/25/23,,2,0
203E,15,NA,4,Laurel,4/25/23,,2,0
203E,15,NA,4,Laurel,4/25/23,,2,0
203E,15,NA,4,Laurel,4/25/23,,2,0
203E,15,NA,4,Laurel,4/25/23,,2,0
203E,15,NA,4,Laurel,4/25/23,,2,0
203E,15,NA,4,Laurel,4/25/23,,2,0
203E,15,NA,4,Laurel,4/25/23,,2,0
203E,15,NA,4,Laurel,4/25/23,,2,0
203E,15,NA,4,Laurel,4/25/23,,2,0
203E,15,NA,3.5,Laurel,4/25/23,,2,0
203E,15,NA,3.5,Laurel,4/25/23,,2,0
203E,15,NA,3.5,Laurel,4/25/23,,2,0
203E,15,NA,3.5,Laurel,4/25/23,,2,0
203E,15,NA,3,Laurel,4/25/23,,2,0
203E,15,NA,3,Laurel,4/25/23,,2,0
203E,15,NA,2.5,Laurel,4/25/23,,2,0
203E,15,NA,2.5,Laurel,4/25/23,,2,0
203E,15,NA,2.5,Laurel,4/25/23,,2,0
203E,15,NA,2.5,Laurel,4/25/23,,2,0
203E,15,NA,2,Laurel,4/25/23,,2,0
203E,15,NA,1.5,Laurel,4/25/23,,2,0
301E,43,1.73,16,Laurel,4/27/23,,3,0
301E,43,3,15,Laurel,4/27/23,,3,0
301E,41,3.18,20,Laurel,4/27/23,,3,0
301E,41,2.38,19,Laurel,4/27/23,,3,0
301E,41,2.78,18.5,Laurel,4/27/23,,3,0
301E,41,1.9,18,Laurel,4/27/23,,3,0
301E,41,2.66,18,Laurel,4/27/23,,3,0
301E,41,3.36,17,noelle,4/27/23,,3,0
301E,41,2.21,16,Laurel,4/27/23,,3,0
301E,41,2.44,16,Laurel,4/27/23,,3,0
301E,41,2.55,16,Laurel,4/27/23,,3,0
301E,41,1.75,15.5,Laurel,4/27/23,,3,0
301E,41,2.83,15.5,Laurel,4/27/23,,3,0
301E,41,1.64,15,Laurel,4/27/23,,3,0
301E,41,1.62,14,noelle,4/27/23,,3,0
301E,41,1.73,13,Laurel,4/27/23,,3,0
301E,41,2.54,13,Laurel,4/27/23,,3,0
301E,41,1.63,12,noelle,4/27/23,,3,0
301E,39,2.39,16.5,Laurel,4/27/23,,3,0
301E,39,2.15,16,noelle,4/27/23,,3,0
301E,39,2.56,16,Laurel,4/27/23,,3,0
301E,39,2.46,13,Laurel,4/27/23,,3,0
301E,39,1.28,11,Laurel,4/27/23,,3,0
301E,37,2.59,20,Laurel,4/27/23,,3,0
301E,37,3.67,20,Laurel,4/27/23,,3,0
301E,37,2.65,18.5,noelle,4/27/23,,3,0
301E,37,2.51,18,Laurel,4/27/23,,3,0
301E,37,2.81,17.5,noelle,4/27/23,,3,0
301E,37,2.99,17.5,Laurel,4/27/23,,3,0
301E,37,3.56,17,Laurel,4/27/23,,3,0
301E,37,2.81,16.5,noelle,4/27/23,,3,0
301E,37,2.4,16,Laurel,4/27/23,,3,0
301E,37,1.68,15,Laurel,4/27/23,,3,0
301E,37,3.15,14.5,noelle,4/27/23,,3,0
301E,37,1.3,13.5,Laurel,4/27/23,,3,0
301E,37,2.24,13.5,noelle,4/27/23,,3,0
301E,37,2.24,13.5,Laurel,4/27/23,,3,0
301E,37,1.48,12.5,Laurel,4/27/23,,3,0
301E,37,1.38,11,Laurel,4/27/23,,3,0
301E,37,1.51,9.5,Laurel,4/27/23,,3,0
301E,37,NA,7,Laurel,4/27/23,,3,0
301E,35,2.85,20,noelle,4/27/23,,3,0
301E,35,4.08,18.5,Laurel,4/27/23,,3,0
301E,35,2.56,18,noelle,4/27/23,,3,0
301E,35,3.15,17.5,Laurel,4/27/23,,3,0
301E,35,2.61,17,Laurel,4/27/23,,3,0
301E,35,2.01,16.5,Laurel,4/27/23,,3,0
301E,35,3.03,16.5,noelle,4/27/23,,3,0
301E,35,2.66,16,Laurel,4/27/23,,3,0
301E,35,2.56,15,noelle,4/27/23,,3,0
301E,35,2.88,13.5,Laurel,4/27/23,,3,0
301E,35,2,13,noelle,4/27/23,,3,0
301E,35,2.02,13,Laurel,4/27/23,,3,0
301E,35,2.42,13,Laurel,4/27/23,,3,0
301E,35,2.48,13,noelle,4/27/23,,3,0
301E,35,2.95,12.5,noelle,4/27/23,,3,0
301E,35,1.77,12,noelle,4/27/23,,3,0
301E,35,2.05,11.5,Laurel,4/27/23,,3,0
301E,35,1.29,10.5,Laurel,4/27/23,,3,0
301E,35,NA,7,Laurel,4/27/23,,3,0
301E,35,NA,7,Laurel,4/27/23,,3,0
301E,33,2.22,16,Laurel,4/27/23,,3,0
301E,33,2.35,15.5,Laurel,4/27/23,,3,0
301E,33,3.69,15.5,noelle,4/27/23,,3,0
301E,33,2.24,15,Laurel,4/27/23,,3,0
301E,33,1.4,13,Laurel,4/27/23,,3,0
301E,33,1.01,10.5,Laurel,4/27/23,,3,0
301E,33,0.95,9.5,Laurel,4/27/23,,3,0
301E,33,NA,5,Laurel,4/27/23,,3,0
301E,31,2.43,19.5,noelle,4/27/23,,3,0
301E,31,1.27,11,Laurel,4/27/23,,3,0
301E,31,1.43,9,noelle,4/27/23,,3,0
301E,31,NA,8,Laurel,4/27/23,,3,0
301E,31,NA,7.5,noelle,4/27/23,,3,0
301E,31,NA,6.5,noelle,4/27/23,,3,0
301E,25,NA,8,noelle,4/27/23,,3,0
301E,25,NA,8,Laurel,4/27/23,,3,0
301E,25,NA,8,Laurel,4/27/23,,3,0
301E,25,NA,7.5,noelle,4/27/23,,3,0
301E,25,NA,7.5,Laurel,4/27/23,,3,0
301E,25,NA,7,Laurel,4/27/23,,3,0
301E,25,NA,7,Laurel,4/27/23,,3,0
301E,25,NA,6.5,noelle,4/27/23,,3,0
301E,25,NA,6.5,noelle,4/27/23,,3,0
301E,25,NA,6.5,Laurel,4/27/23,,3,0
301E,25,NA,6,noelle,4/27/23,,3,0
301E,25,NA,5,Laurel,4/27/23,,3,0
301E,15,NA,9,noelle,4/27/23,,3,0
301E,15,NA,8,noelle,4/27/23,,3,0
301E,15,NA,7.5,noelle,4/27/23,,3,0
301E,15,NA,7.5,noelle,4/27/23,,3,0
301E,15,NA,7.5,Laurel,4/27/23,,3,0
301E,15,NA,7,noelle,4/27/23,,3,0
301E,15,NA,7,Laurel,4/27/23,,3,0
301E,15,NA,6.5,noelle,4/27/23,,3,0
301E,15,NA,6.5,Laurel,4/27/23,,3,0
301E,15,NA,6.5,Laurel,4/27/23,,3,0
301E,15,NA,6,noelle,4/27/23,,3,0
301E,15,NA,6,noelle,4/27/23,,3,0
301E,15,NA,6,noelle,4/27/23,,3,0
301E,15,NA,6,Laurel,4/27/23,,3,0
301E,15,NA,6,Laurel,4/27/23,,3,0
301E,15,NA,6,Laurel,4/27/23,,3,0
301E,15,NA,5.5,noelle,4/27/23,,3,0
301E,15,NA,5.5,noelle,4/27/23,,3,0
301E,15,NA,5.5,noelle,4/27/23,,3,0
301E,15,NA,5.5,noelle,4/27/23,,3,0
301E,15,NA,5.5,noelle,4/27/23,,3,0
301E,15,NA,5.5,noelle,4/27/23,,3,0
301E,15,NA,5.5,Laurel,4/27/23,,3,0
301E,15,NA,5,noelle,4/27/23,,3,0
301E,15,NA,5,noelle,4/27/23,,3,0
301E,15,NA,5,noelle,4/27/23,,3,0
301E,15,NA,5,Laurel,4/27/23,,3,0
301E,15,NA,5,Laurel,4/27/23,,3,0
301E,15,NA,4.5,noelle,4/27/23,,3,0
301E,15,NA,4.5,noelle,4/27/23,,3,0
301E,15,NA,4.5,noelle,4/27/23,,3,0
301E,15,NA,4.5,noelle,4/27/23,,3,0
301E,15,NA,4.5,noelle,4/27/23,,3,0
301E,15,NA,4.5,noelle,4/27/23,,3,0
301E,15,NA,4.5,noelle,4/27/23,,3,0
301E,15,NA,4.5,noelle,4/27/23,,3,0
301E,15,NA,4.5,Laurel,4/27/23,,3,0
301E,15,NA,4.5,Laurel,4/27/23,,3,0
301E,15,NA,4,noelle,4/27/23,,3,0
301E,15,NA,4,noelle,4/27/23,,3,0
301E,15,NA,4,noelle,4/27/23,,3,0
301E,15,NA,4,noelle,4/27/23,,3,0
301E,15,NA,4,noelle,4/27/23,,3,0
301E,15,NA,4,noelle,4/27/23,,3,0
301E,15,NA,4,noelle,4/27/23,,3,0
301E,15,NA,4,noelle,4/27/23,,3,0
301E,15,NA,4,noelle,4/27/23,,3,0
301E,15,NA,4,Laurel,4/27/23,,3,0
301E,15,NA,4,Laurel,4/27/23,,3,0
301E,15,NA,4,Laurel,4/27/23,,3,0
301E,15,NA,4,Laurel,4/27/23,,3,0
301E,15,NA,4,Laurel,4/27/23,,3,0
301E,15,NA,4,Laurel,4/27/23,,3,0
301E,15,NA,4,Laurel,4/27/23,,3,0
301E,15,NA,4,Laurel,4/27/23,,3,0
301E,15,NA,4,Laurel,4/27/23,,3,0
301E,15,NA,4,Laurel,4/27/23,,3,0
301E,15,NA,4,Laurel,4/27/23,,3,0
301E,15,NA,4,Laurel,4/27/23,,3,0
301E,15,NA,4,Laurel,4/27/23,,3,0
301E,15,NA,3.5,noelle,4/27/23,,3,0
301E,15,NA,3.5,noelle,4/27/23,,3,0
301E,15,NA,3.5,noelle,4/27/23,,3,0
301E,15,NA,3.5,noelle,4/27/23,,3,0
301E,15,NA,3.5,noelle,4/27/23,,3,0
301E,15,NA,3.5,noelle,4/27/23,,3,0
301E,15,NA,3.5,noelle,4/27/23,,3,0
301E,15,NA,3.5,Laurel,4/27/23,,3,0
301E,15,NA,3.5,Laurel,4/27/23,,3,0
301E,15,NA,3.5,Laurel,4/27/23,,3,0
301E,15,NA,3.5,Laurel,4/27/23,,3,0
301E,15,NA,3,noelle,4/27/23,,3,0
301E,15,NA,3,noelle,4/27/23,,3,0
301E,15,NA,3,noelle,4/27/23,,3,0
301E,15,NA,3,noelle,4/27/23,,3,0
301E,15,NA,3,noelle,4/27/23,,3,0
301E,15,NA,3,noelle,4/27/23,,3,0
301E,15,NA,3,noelle,4/27/23,,3,0
301E,15,NA,3,noelle,4/27/23,,3,0
301E,15,NA,3,noelle,4/27/23,,3,0
301E,15,NA,3,noelle,4/27/23,,3,0
301E,15,NA,3,noelle,4/27/23,,3,0
301E,15,NA,3,noelle,4/27/23,,3,0
301E,15,NA,3,noelle,4/27/23,,3,0
301E,15,NA,3,noelle,4/27/23,,3,0
301E,15,NA,3,Laurel,4/27/23,,3,0
301E,15,NA,3,Laurel,4/27/23,,3,0
301E,15,NA,3,Laurel,4/27/23,,3,0
301E,15,NA,3,Laurel,4/27/23,,3,0
301E,15,NA,2.5,Laurel,4/27/23,,3,0
301E,15,NA,2,noelle,4/27/23,,3,0
301E,15,NA,1,noelle,4/27/23,,3,0
302E,43,3.34,24.5,noelle,4/27/23,,3,3
302E,43,2.94,22.5,noelle,4/27/23,,3,3
302E,43,3.17,22,noelle,4/27/23,,3,3
302E,43,3.36,21,noelle,4/27/23,,3,3
302E,43,3.45,20.5,noelle,4/27/23,,3,3
302E,43,3.21,20,noelle,4/27/23,,3,3
302E,43,2.72,19.5,noelle,4/27/23,,3,3
302E,43,3.04,19.5,noelle,4/27/23,,3,3
302E,43,1.9,18.5,noelle,4/27/23,,3,3
302E,43,2.71,18,noelle,4/27/23,,3,3
302E,41,2.96,23.5,noelle,4/27/23,,3,3
302E,41,2.74,21,noelle,4/27/23,,3,3
302E,41,2.75,21,noelle,4/27/23,,3,3
302E,41,2.8,21,noelle,4/27/23,,3,3
302E,41,2.89,21,noelle,4/27/23,,3,3
302E,41,2.71,20.5,noelle,4/27/23,,3,3
302E,41,2.62,19.5,noelle,4/27/23,,3,3
302E,41,2.85,19.5,noelle,4/27/23,,3,3
302E,41,3.09,19,noelle,4/27/23,,3,3
302E,41,2.27,17,noelle,4/27/23,,3,3
302E,41,2.54,16,noelle,4/27/23,,3,3
302E,41,2.48,14.5,noelle,4/27/23,,3,3
302E,39,3.21,22,noelle,4/27/23,,3,3
302E,39,2.16,20,noelle,4/27/23,,3,3
302E,39,2.05,18.5,noelle,4/27/23,,3,3
302E,39,1.95,15.5,noelle,4/27/23,,3,3
302E,39,1.35,15,noelle,4/27/23,,3,3
302E,39,2.04,14.5,noelle,4/27/23,,3,3
302E,39,0.85,13.5,noelle,4/27/23,,3,3
302E,39,1.18,10,noelle,4/27/23,,3,3
302E,37,3.32,23,noelle,4/27/23,,3,3
302E,37,3.31,21.5,noelle,4/27/23,,3,3
302E,37,3.14,21,noelle,4/27/23,,3,3
302E,37,3.08,20,noelle,4/27/23,,3,3
302E,37,3.16,20,noelle,4/27/23,,3,3
302E,37,2.72,19.5,noelle,4/27/23,,3,3
302E,37,2.96,19,noelle,4/27/23,,3,3
302E,37,2.73,18.5,noelle,4/27/23,,3,3
302E,37,3.21,18.5,noelle,4/27/23,,3,3
302E,37,2,18,noelle,4/27/23,,3,3
302E,37,1.84,17,noelle,4/27/23,,3,3
302E,37,2.75,17,noelle,4/27/23,,3,3
302E,37,3.06,17,noelle,4/27/23,,3,3
302E,37,2.56,16,noelle,4/27/23,,3,3
302E,37,1.53,15.5,noelle,4/27/23,,3,3
302E,37,2.22,15,noelle,4/27/23,,3,3
302E,37,1.45,12,noelle,4/27/23,,3,3
302E,37,2.14,12,noelle,4/27/23,,3,3
302E,37,1.8,11.5,noelle,4/27/23,,3,3
302E,37,1.77,10,noelle,4/27/23,,3,3
302E,35,3.16,22.5,noelle,4/27/23,,3,3
302E,35,3.34,20.5,noelle,4/27/23,,3,3
302E,35,2.88,19.5,noelle,4/27/23,,3,3
302E,35,3.39,18.5,noelle,4/27/23,,3,3
302E,35,1.85,17,noelle,4/27/23,,3,3
302E,35,2.25,16.5,noelle,4/27/23,,3,3
302E,35,2.73,16,noelle,4/27/23,,3,3
302E,35,2.82,16,noelle,4/27/23,,3,3
302E,35,1.88,14.5,noelle,4/27/23,,3,3
302E,35,2.41,14.5,noelle,4/27/23,,3,3
302E,35,2.26,14,noelle,4/27/23,,3,3
302E,35,2.57,14,noelle,4/27/23,,3,3
302E,35,2.06,14,noelle,4/27/23,,3,3
302E,35,1.49,12.5,noelle,4/27/23,,3,3
302E,35,1.36,11,noelle,4/27/23,,3,3
302E,35,1.83,11,noelle,4/27/23,,3,3
302E,33,1.35,15,noelle,4/27/23,,3,3
302E,33,0.96,13,noelle,4/27/23,,3,3
302E,33,2.01,13,noelle,4/27/23,,3,3
302E,33,2.56,13,noelle,4/27/23,,3,3
302E,33,2.37,11.5,noelle,4/27/23,,3,3
302E,33,1.8,10.5,noelle,4/27/23,,3,3
302E,33,0.8,9,noelle,4/27/23,,3,3
302E,31,0.84,11.5,noelle,4/27/23,,3,3
302E,31,1.15,11,noelle,4/27/23,,3,3
302E,31,0.86,10.5,noelle,4/27/23,,3,3
302E,31,NA,10,noelle,4/27/23,,3,3
302E,31,NA,9,noelle,4/27/23,,3,3
302E,31,NA,9,noelle,4/27/23,,3,3
302E,31,NA,9,noelle,4/27/23,,3,3
302E,31,NA,9,noelle,4/27/23,,3,3
302E,31,NA,9,noelle,4/27/23,,3,3
302E,31,NA,9,noelle,4/27/23,,3,3
302E,31,NA,8.5,noelle,4/27/23,,3,3
302E,31,0.74,8,noelle,4/27/23,,3,3
302E,31,1.08,8,noelle,4/27/23,,3,3
302E,31,NA,8,noelle,4/27/23,,3,3
302E,31,NA,7.5,noelle,4/27/23,,3,3
302E,31,NA,6.5,noelle,4/27/23,,3,3
302E,31,NA,6.5,noelle,4/27/23,,3,3
302E,25,NA,9.5,noelle,4/27/23,,3,3
302E,25,NA,8,noelle,4/27/23,,3,3
302E,25,NA,7,noelle,4/27/23,,3,3
302E,25,NA,6.5,noelle,4/27/23,,3,3
302E,25,NA,6.5,noelle,4/27/23,,3,3
302E,25,NA,6,noelle,4/27/23,,3,3
302E,25,NA,6,noelle,4/27/23,,3,3
302E,16,NA,4.5,noelle,4/27/23,,3,3
302E,15,NA,7.5,noelle,4/27/23,,3,3
302E,15,NA,7,noelle,4/27/23,,3,3
302E,15,NA,7,noelle,4/27/23,,3,3
302E,15,NA,7,noelle,4/27/23,,3,3
302E,15,NA,6,noelle,4/27/23,,3,3
302E,15,NA,6,noelle,4/27/23,,3,3
302E,15,NA,6,noelle,4/27/23,,3,3
302E,15,NA,6,noelle,4/27/23,,3,3
302E,15,NA,6,noelle,4/27/23,,3,3
302E,15,NA,6,noelle,4/27/23,,3,3
302E,15,NA,5.5,noelle,4/27/23,,3,3
302E,15,NA,5.5,noelle,4/27/23,,3,3
302E,15,NA,5.5,noelle,4/27/23,,3,3
302E,15,NA,5.5,noelle,4/27/23,,3,3
302E,15,NA,5.5,noelle,4/27/23,,3,3
302E,15,NA,5.5,noelle,4/27/23,,3,3
302E,15,NA,5.5,noelle,4/27/23,,3,3
302E,15,NA,5,noelle,4/27/23,,3,3
302E,15,NA,5,noelle,4/27/23,,3,3
302E,15,NA,5,noelle,4/27/23,,3,3
302E,15,NA,5,noelle,4/27/23,,3,3
302E,15,NA,5,noelle,4/27/23,,3,3
302E,15,NA,5,noelle,4/27/23,,3,3
302E,15,NA,5,noelle,4/27/23,,3,3
302E,15,NA,5,noelle,4/27/23,,3,3
302E,15,NA,5,noelle,4/27/23,,3,3
302E,15,NA,4.5,noelle,4/27/23,,3,3
302E,15,NA,4.5,noelle,4/27/23,,3,3
302E,15,NA,4.5,noelle,4/27/23,,3,3
302E,15,NA,4.5,noelle,4/27/23,,3,3
302E,15,NA,4.5,noelle,4/27/23,,3,3
302E,15,NA,4.5,noelle,4/27/23,,3,3
302E,15,NA,4.5,noelle,4/27/23,,3,3
302E,15,NA,4.5,noelle,4/27/23,,3,3
302E,15,NA,4.5,noelle,4/27/23,,3,3
302E,15,NA,4.5,noelle,4/27/23,,3,3
302E,15,NA,4,noelle,4/27/23,,3,3
302E,15,NA,4,noelle,4/27/23,,3,3
302E,15,NA,4,noelle,4/27/23,,3,3
302E,15,NA,4,noelle,4/27/23,,3,3
302E,15,NA,4,noelle,4/27/23,,3,3
302E,15,NA,4,noelle,4/27/23,,3,3
302E,15,NA,4,noelle,4/27/23,,3,3
302E,15,NA,4,noelle,4/27/23,,3,3
302E,15,NA,4,noelle,4/27/23,,3,3
302E,15,NA,4,noelle,4/27/23,,3,3
302E,15,NA,4,noelle,4/27/23,,3,3
302E,15,NA,4,noelle,4/27/23,,3,3
302E,15,NA,4,noelle,4/27/23,,3,3
302E,15,NA,3.5,noelle,4/27/23,,3,3
302E,15,NA,3.5,noelle,4/27/23,,3,3
302E,15,NA,3.5,noelle,4/27/23,,3,3
302E,15,NA,3.5,noelle,4/27/23,,3,3
302E,15,NA,3,noelle,4/27/23,,3,3
302E,15,NA,3,noelle,4/27/23,,3,3
302E,15,NA,3,noelle,4/27/23,,3,3
302E,15,NA,3,noelle,4/27/23,,3,3
302E,15,NA,3,noelle,4/27/23,,3,3
302E,15,NA,3,noelle,4/27/23,,3,3
302E,15,NA,3,noelle,4/27/23,,3,3
302E,15,NA,3,noelle,4/27/23,,3,3
302E,15,NA,3,noelle,4/27/23,,3,3
302E,15,NA,3,noelle,4/27/23,,3,3
302E,15,NA,3,noelle,4/27/23,,3,3
302E,15,NA,3,noelle,4/27/23,,3,3
302E,15,NA,3,noelle,4/27/23,,3,3
302E,15,NA,3,noelle,4/27/23,,3,3
302E,15,NA,3,noelle,4/27/23,,3,3
302E,15,NA,3,noelle,4/27/23,,3,3
302E,15,NA,2.5,noelle,4/27/23,,3,3
303E,45,2.28,21,Laurel,4/26/23,,3,1.5
303E,43,2.93,19.5,Laurel,4/26/23,,3,1.5
303E,43,2.23,19,Laurel,4/26/23,,3,1.5
303E,43,2.63,19,Laurel,4/26/23,,3,1.5
303E,41,2.67,22,Laurel,4/26/23,,3,1.5
303E,41,2.43,17.5,Laurel,4/26/23,,3,1.5
303E,41,1.46,9,Laurel,4/26/23,,3,1.5
303E,41,NA,7.5,Laurel,4/26/23,,3,1.5
303E,41,NA,7,Laurel,4/26/23,,3,1.5
303E,39,3.09,23,Laurel,4/26/23,,3,1.5
303E,39,2.2,20,Laurel,4/26/23,,3,1.5
303E,39,2.48,19,Laurel,4/26/23,,3,1.5
303E,39,2.04,17,Laurel,4/26/23,,3,1.5
303E,39,3.11,16.5,Laurel,4/26/23,,3,1.5
303E,39,1.98,16,Laurel,4/26/23,,3,1.5
303E,39,2.44,15,Laurel,4/26/23,,3,1.5
303E,37,2.89,20.5,Laurel,4/26/23,,3,1.5
303E,37,2.78,19.5,Laurel,4/26/23,,3,1.5
303E,37,2.61,19,Laurel,4/26/23,,3,1.5
303E,37,3.57,19,Laurel,4/26/23,,3,1.5
303E,37,2.61,18.5,Laurel,4/26/23,,3,1.5
303E,37,2.26,17.5,Laurel,4/26/23,,3,1.5
303E,37,1.75,16,Laurel,4/26/23,,3,1.5
303E,37,2.6,16,Laurel,4/26/23,,3,1.5
303E,37,1.84,15.5,Laurel,4/26/23,,3,1.5
303E,37,2.3,15,Laurel,4/26/23,,3,1.5
303E,37,2.31,15,Laurel,4/26/23,,3,1.5
303E,37,1.5,13.5,Laurel,4/26/23,,3,1.5
303E,37,1.9,11.5,Laurel,4/26/23,,3,1.5
303E,37,NA,6.5,Laurel,4/26/23,,3,1.5
303E,37,NA,5.5,Laurel,4/26/23,,3,1.5
303E,35,3.26,19.5,Laurel,4/26/23,,3,1.5
303E,35,2.78,18.5,Laurel,4/26/23,,3,1.5
303E,35,2.52,18,Laurel,4/26/23,,3,1.5
303E,35,3.23,18,Laurel,4/26/23,,3,1.5
303E,35,2.37,17.5,Laurel,4/26/23,,3,1.5
303E,35,2.82,17.5,Laurel,4/26/23,,3,1.5
303E,35,3.12,17.5,Laurel,4/26/23,,3,1.5
303E,35,2.41,17,Laurel,4/26/23,,3,1.5
303E,35,2.58,16,Laurel,4/26/23,,3,1.5
303E,35,2,15,Laurel,4/26/23,,3,1.5
303E,35,2.36,15,Laurel,4/26/23,,3,1.5
303E,35,2.45,14.5,Laurel,4/26/23,,3,1.5
303E,35,2.66,14.5,Laurel,4/26/23,,3,1.5
303E,35,2.56,14,Laurel,4/26/23,,3,1.5
303E,35,2.6,14,Laurel,4/26/23,,3,1.5
303E,35,2.08,13.5,Laurel,4/26/23,,3,1.5
303E,35,2.15,13.5,Laurel,4/26/23,,3,1.5
303E,35,1.74,13,Laurel,4/26/23,,3,1.5
303E,35,NA,13,Laurel,4/26/23,,3,1.5
303E,35,1.72,12.5,Laurel,4/26/23,,3,1.5
303E,35,1.81,12.5,Laurel,4/26/23,,3,1.5
303E,35,2.25,12.5,Laurel,4/26/23,,3,1.5
303E,35,0.82,12,Laurel,4/26/23,,3,1.5
303E,35,1.66,12,Laurel,4/26/23,,3,1.5
303E,35,0.66,10,Laurel,4/26/23,,3,1.5
303E,35,NA,9,Laurel,4/26/23,,3,1.5
303E,35,NA,7,Laurel,4/26/23,,3,1.5
303E,35,NA,7,Laurel,4/26/23,,3,1.5
303E,35,NA,6,Laurel,4/26/23,,3,1.5
303E,35,NA,5,Laurel,4/26/23,,3,1.5
303E,35,NA,3.5,Laurel,4/26/23,,3,1.5
303E,33,2.8,22.5,Laurel,4/26/23,,3,1.5
303E,33,3,18,Laurel,4/26/23,,3,1.5
303E,33,3.62,18,Laurel,4/26/23,,3,1.5
303E,33,3.28,17,Laurel,4/26/23,,3,1.5
303E,33,2.34,15.5,Laurel,4/26/23,,3,1.5
303E,33,0.56,11.5,Laurel,4/26/23,,3,1.5
303E,33,1.59,11,Laurel,4/26/23,,3,1.5
303E,33,1.04,10,Laurel,4/26/23,,3,1.5
303E,33,1.81,10,Laurel,4/26/23,,3,1.5
303E,33,NA,9.5,Laurel,4/26/23,,3,1.5
303E,33,NA,8.5,Laurel,4/26/23,,3,1.5
303E,33,NA,8,Laurel,4/26/23,,3,1.5
303E,33,NA,8,Laurel,4/26/23,,3,1.5
303E,33,NA,7,Laurel,4/26/23,,3,1.5
303E,33,NA,5,Laurel,4/26/23,,3,1.5
303E,31,NA,10,Laurel,4/26/23,,3,1.5
303E,31,NA,9,Laurel,4/26/23,,3,1.5
303E,31,NA,9,Laurel,4/26/23,,3,1.5
303E,31,NA,8,Laurel,4/26/23,,3,1.5
303E,31,NA,8,Laurel,4/26/23,,3,1.5
303E,31,NA,8,Laurel,4/26/23,,3,1.5
303E,31,NA,8,Laurel,4/26/23,,3,1.5
303E,31,2.33,7.5,Laurel,4/26/23,,3,1.5
303E,31,NA,6,Laurel,4/26/23,,3,1.5
303E,25,NA,9,Laurel,4/26/23,,3,1.5
303E,25,NA,8,Laurel,4/26/23,,3,1.5
303E,25,NA,8,Laurel,4/26/23,,3,1.5
303E,25,NA,8,Laurel,4/26/23,,3,1.5
303E,25,NA,8,Laurel,4/26/23,,3,1.5
303E,25,NA,7,Laurel,4/26/23,,3,1.5
303E,25,NA,7,Laurel,4/26/23,,3,1.5
303E,25,NA,7,Laurel,4/26/23,,3,1.5
303E,25,NA,6.5,Laurel,4/26/23,,3,1.5
303E,25,NA,6,Laurel,4/26/23,,3,1.5
303E,15,NA,8,Laurel,4/26/23,,3,1.5
303E,15,NA,8,Laurel,4/26/23,,3,1.5
303E,15,NA,7.5,Laurel,4/26/23,,3,1.5
303E,15,NA,7,Laurel,4/26/23,,3,1.5
303E,15,NA,7,Laurel,4/26/23,,3,1.5
303E,15,NA,7,Laurel,4/26/23,,3,1.5
303E,15,NA,7,Laurel,4/26/23,,3,1.5
303E,15,NA,7,Laurel,4/26/23,,3,1.5
303E,15,NA,6.5,Laurel,4/26/23,,3,1.5
303E,15,NA,6.5,Laurel,4/26/23,,3,1.5
303E,15,NA,6.5,Laurel,4/26/23,,3,1.5
303E,15,NA,6,Laurel,4/26/23,,3,1.5
303E,15,NA,6,Laurel,4/26/23,,3,1.5
303E,15,NA,6,Laurel,4/26/23,,3,1.5
303E,15,NA,6,Laurel,4/26/23,,3,1.5
303E,15,NA,5.5,Laurel,4/26/23,,3,1.5
303E,15,NA,5.5,Laurel,4/26/23,,3,1.5
303E,15,NA,5.5,Laurel,4/26/23,,3,1.5
303E,15,NA,5.5,Laurel,4/26/23,,3,1.5
303E,15,NA,5.5,Laurel,4/26/23,,3,1.5
303E,15,NA,5.5,Laurel,4/26/23,,3,1.5
303E,15,NA,5,Laurel,4/26/23,,3,1.5
303E,15,NA,5,Laurel,4/26/23,,3,1.5
303E,15,NA,5,Laurel,4/26/23,,3,1.5
303E,15,NA,5,Laurel,4/26/23,,3,1.5
303E,15,NA,5,Laurel,4/26/23,,3,1.5
303E,15,NA,5,Laurel,4/26/23,,3,1.5
303E,15,NA,5,Laurel,4/26/23,,3,1.5
303E,15,NA,5,Laurel,4/26/23,,3,1.5
303E,15,NA,5,Laurel,4/26/23,,3,1.5
303E,15,NA,5,Laurel,4/26/23,,3,1.5
303E,15,NA,5,Laurel,4/26/23,,3,1.5
303E,15,NA,4.5,Laurel,4/26/23,,3,1.5
303E,15,NA,4.5,Laurel,4/26/23,,3,1.5
303E,15,NA,4.5,Laurel,4/26/23,,3,1.5
303E,15,NA,4.5,Laurel,4/26/23,,3,1.5
303E,15,NA,4.5,Laurel,4/26/23,,3,1.5
303E,15,NA,4.5,Laurel,4/26/23,,3,1.5
303E,15,NA,4,Laurel,4/26/23,,3,1.5
303E,15,NA,4,Laurel,4/26/23,,3,1.5
303E,15,NA,4,Laurel,4/26/23,,3,1.5
303E,15,NA,4,Laurel,4/26/23,,3,1.5
303E,15,NA,4,Laurel,4/26/23,,3,1.5
303E,15,NA,4,Laurel,4/26/23,,3,1.5
303E,15,NA,4,Laurel,4/26/23,,3,1.5
303E,15,NA,4,Laurel,4/26/23,,3,1.5
303E,15,NA,4,Laurel,4/26/23,,3,1.5
303E,15,NA,4,Laurel,4/26/23,,3,1.5
303E,15,NA,3.5,Laurel,4/26/23,,3,1.5
303E,15,NA,3.5,Laurel,4/26/23,,3,1.5
303E,15,NA,3.5,Laurel,4/26/23,,3,1.5
303E,15,NA,3.5,Laurel,4/26/23,,3,1.5
303E,15,NA,3.5,Laurel,4/26/23,,3,1.5
303E,15,NA,3.5,Laurel,4/26/23,,3,1.5
303E,15,NA,3.5,Laurel,4/26/23,,3,1.5
303E,15,NA,3,Laurel,4/26/23,,3,1.5
303E,15,NA,3,Laurel,4/26/23,,3,1.5
303E,15,NA,3,Laurel,4/26/23,,3,1.5
303E,15,NA,3,Laurel,4/26/23,,3,1.5
303E,15,NA,3,Laurel,4/26/23,,3,1.5
303E,15,NA,3,Laurel,4/26/23,,3,1.5
303E,15,NA,3,Laurel,4/26/23,,3,1.5
303E,15,NA,3,Laurel,4/26/23,,3,1.5
303E,15,NA,3,Laurel,4/26/23,,3,1.5
303E,15,NA,3,Laurel,4/26/23,,3,1.5
303E,15,NA,3,Laurel,4/26/23,,3,1.5
303E,15,NA,3,Laurel,4/26/23,,3,1.5
303E,15,NA,3,Laurel,4/26/23,,3,1.5
303E,15,NA,3,Laurel,4/26/23,,3,1.5
303E,15,NA,3,Laurel,4/26/23,,3,1.5
303E,15,NA,3,Laurel,4/26/23,,3,1.5
303E,15,NA,3,Laurel,4/26/23,,3,1.5
303E,15,NA,3,Laurel,4/26/23,,3,1.5
303E,15,NA,2.5,Laurel,4/26/23,,3,1.5
303E,15,NA,2.5,Laurel,4/26/23,,3,1.5
303E,15,NA,2,Laurel,4/26/23,,3,1.5
303E,15,NA,2,Laurel,4/26/23,,3,1.5
303E,15,NA,2,Laurel,4/26/23,,3,1.5
303E,15,NA,1,Laurel,4/26/23,,3,1.5
401E,47,3.31,23.5,Laurel,4/25/23,,4,1.5
401E,45,2.42,21,Laurel,4/25/23,,4,1.5
401E,45,3.4,19,Laurel,4/25/23,,4,1.5
401E,45,1.96,18.5,Laurel,4/25/23,,4,1.5
401E,45,1.56,16,Laurel,4/25/23,,4,1.5
401E,43,2.63,22.5,Laurel,4/25/23,,4,1.5
401E,43,2.79,22,Laurel,4/25/23,,4,1.5
401E,43,3.23,21.5,Laurel,4/25/23,,4,1.5
401E,43,2.6,21,Laurel,4/25/23,,4,1.5
401E,43,2.88,21,Laurel,4/25/23,,4,1.5
401E,43,1.94,19.5,Laurel,4/25/23,,4,1.5
401E,43,2.76,19.5,Laurel,4/25/23,,4,1.5
401E,43,1.8,18,Laurel,4/25/23,,4,1.5
401E,43,2.09,18,Laurel,4/25/23,,4,1.5
401E,43,1.86,17.5,Laurel,4/25/23,,4,1.5
401E,43,2.27,17,Laurel,4/25/23,,4,1.5
401E,43,1.84,16,Laurel,4/25/23,,4,1.5
401E,43,1.34,15.5,Laurel,4/25/23,,4,1.5
401E,43,1.47,15.5,Laurel,4/25/23,,4,1.5
401E,43,1.53,15.5,Laurel,4/25/23,,4,1.5
401E,43,0.92,15,Laurel,4/25/23,,4,1.5
401E,43,1.54,15,Laurel,4/25/23,,4,1.5
401E,43,1.93,15,Laurel,4/25/23,,4,1.5
401E,43,1.1,14,Laurel,4/25/23,,4,1.5
401E,43,1.21,14,Laurel,4/25/23,,4,1.5
401E,43,1.18,13,Laurel,4/25/23,,4,1.5
401E,43,1.25,12.5,Laurel,4/25/23,,4,1.5
401E,43,1.65,12.5,Laurel,4/25/23,,4,1.5
401E,43,0.9,11,Laurel,4/25/23,,4,1.5
401E,43,1.07,11,Laurel,4/25/23,,4,1.5
401E,43,1.33,10.5,Laurel,4/25/23,,4,1.5
401E,43,0.7,8,Laurel,4/25/23,,4,1.5
401E,43,NA,6.5,Laurel,4/25/23,,4,1.5
401E,41,2.49,22.5,Laurel,4/25/23,,4,1.5
401E,41,2.5,20,Laurel,4/25/23,,4,1.5
401E,41,2.51,20,Laurel,4/25/23,,4,1.5
401E,41,2.75,20,Laurel,4/25/23,,4,1.5
401E,41,2.92,20,Laurel,4/25/23,,4,1.5
401E,41,3.29,20,Laurel,4/25/23,,4,1.5
401E,41,2.27,19.5,Laurel,4/25/23,,4,1.5
401E,41,2.69,19.5,Laurel,4/25/23,,4,1.5
401E,41,2.31,19,Laurel,4/25/23,,4,1.5
401E,41,3.03,19,Laurel,4/25/23,,4,1.5
401E,41,2.21,18.5,Laurel,4/25/23,,4,1.5
401E,41,2.3,18.5,Laurel,4/25/23,,4,1.5
401E,41,2.73,18,Laurel,4/25/23,,4,1.5
401E,41,1.93,16.5,Laurel,4/25/23,,4,1.5
401E,41,1.64,16,Laurel,4/25/23,,4,1.5
401E,41,2.39,16,Laurel,4/25/23,,4,1.5
401E,41,1.29,15,Laurel,4/25/23,,4,1.5
401E,41,1.7,15,Laurel,4/25/23,,4,1.5
401E,41,1.46,14,Laurel,4/25/23,,4,1.5
401E,41,1.56,14,Laurel,4/25/23,,4,1.5
401E,41,2.06,14,Laurel,4/25/23,,4,1.5
401E,41,1,13,Laurel,4/25/23,,4,1.5
401E,41,0.9,12.5,Laurel,4/25/23,,4,1.5
401E,41,0.96,12.5,Laurel,4/25/23,,4,1.5
401E,41,1.09,12.5,Laurel,4/25/23,,4,1.5
401E,41,1.41,12.5,Laurel,4/25/23,,4,1.5
401E,41,1.48,12.5,Laurel,4/25/23,,4,1.5
401E,41,1.64,12.5,Laurel,4/25/23,,4,1.5
401E,41,1.12,12,Laurel,4/25/23,,4,1.5
401E,41,1.19,11,Laurel,4/25/23,,4,1.5
401E,41,1.19,11,Laurel,4/25/23,,4,1.5
401E,41,1.71,11,Laurel,4/25/23,,4,1.5
401E,41,1.42,10,Laurel,4/25/23,,4,1.5
401E,41,1.3,9.5,Laurel,4/25/23,,4,1.5
401E,41,1.3,9,Laurel,4/25/23,,4,1.5
401E,41,0.97,8,Laurel,4/25/23,,4,1.5
401E,41,NA,7.5,Laurel,4/25/23,,4,1.5
401E,41,NA,5.5,Laurel,4/25/23,,4,1.5
401E,39,2.29,21.5,Laurel,4/25/23,,4,1.5
401E,39,2.42,21,Laurel,4/25/23,,4,1.5
401E,39,2.58,19,Laurel,4/25/23,,4,1.5
401E,39,2.1,18,Laurel,4/25/23,,4,1.5
401E,39,2.28,17.5,Laurel,4/25/23,,4,1.5
401E,39,2.16,16.5,Laurel,4/25/23,,4,1.5
401E,39,2.79,16.5,Laurel,4/25/23,,4,1.5
401E,39,1.58,16,Laurel,4/25/23,,4,1.5
401E,39,2.14,16,Laurel,4/25/23,,4,1.5
401E,39,2.46,16,Laurel,4/25/23,,4,1.5
401E,39,1.87,15.5,Laurel,4/25/23,,4,1.5
401E,39,1.7,15,Laurel,4/25/23,,4,1.5
401E,39,1.59,14.5,Laurel,4/25/23,,4,1.5
401E,39,1.66,14.5,Laurel,4/25/23,,4,1.5
401E,39,1.27,13,Laurel,4/25/23,,4,1.5
401E,39,1.27,13,Laurel,4/25/23,,4,1.5
401E,39,2.25,12.5,Laurel,4/25/23,,4,1.5
401E,39,1.13,11.5,Laurel,4/25/23,,4,1.5
401E,39,1.1,11,Laurel,4/25/23,,4,1.5
401E,39,1.19,11,Laurel,4/25/23,,4,1.5
401E,39,1.42,11,Laurel,4/25/23,,4,1.5
401E,39,1.23,10.5,Laurel,4/25/23,,4,1.5
401E,39,NA,6,Laurel,4/25/23,,4,1.5
401E,37,3.29,22,Laurel,4/25/23,,4,1.5
401E,37,2.53,21,Laurel,4/25/23,,4,1.5
401E,37,2.59,20,Laurel,4/25/23,,4,1.5
401E,37,2.49,19.5,Laurel,4/25/23,,4,1.5
401E,37,2.53,19,Laurel,4/25/23,,4,1.5
401E,37,2.77,18.5,Laurel,4/25/23,,4,1.5
401E,37,1.96,18,Laurel,4/25/23,,4,1.5
401E,37,2.37,18,Laurel,4/25/23,,4,1.5
401E,37,1.9,17.5,Laurel,4/25/23,,4,1.5
401E,37,3.2,17.5,Laurel,4/25/23,,4,1.5
401E,37,2.46,17,Laurel,4/25/23,,4,1.5
401E,37,2.48,16.5,Laurel,4/25/23,,4,1.5
401E,37,2.83,16.5,Laurel,4/25/23,,4,1.5
401E,37,1.56,16,Laurel,4/25/23,,4,1.5
401E,37,2.14,16,Laurel,4/25/23,,4,1.5
401E,37,2.38,15.5,Laurel,4/25/23,,4,1.5
401E,37,2.02,15,Laurel,4/25/23,,4,1.5
401E,37,2.37,15,Laurel,4/25/23,,4,1.5
401E,37,1.58,14,Laurel,4/25/23,,4,1.5
401E,37,1.43,13.5,Laurel,4/25/23,,4,1.5
401E,37,1.73,13.5,Laurel,4/25/23,,4,1.5
401E,37,1.49,13,Laurel,4/25/23,,4,1.5
401E,37,1.63,13,Laurel,4/25/23,,4,1.5
401E,37,2.13,13,Laurel,4/25/23,,4,1.5
401E,37,1.34,12,Laurel,4/25/23,,4,1.5
401E,37,1.69,11.5,Laurel,4/25/23,,4,1.5
401E,37,0.99,10.5,Laurel,4/25/23,,4,1.5
401E,37,1.12,10.5,Laurel,4/25/23,,4,1.5
401E,37,1.53,10.5,Laurel,4/25/23,,4,1.5
401E,37,1.04,9,Laurel,4/25/23,,4,1.5
401E,35,2.34,19,Laurel,4/25/23,,4,1.5
401E,35,1.67,17.5,Laurel,4/25/23,,4,1.5
401E,35,2.35,17,Laurel,4/25/23,,4,1.5
401E,35,2.8,17,Laurel,4/25/23,,4,1.5
401E,35,2.16,15.5,Laurel,4/25/23,,4,1.5
401E,35,2.63,15,Laurel,4/25/23,,4,1.5
401E,35,2.06,13.5,Laurel,4/25/23,,4,1.5
401E,35,1.32,10.5,Laurel,4/25/23,,4,1.5
401E,35,1.38,9,Laurel,4/25/23,,4,1.5
401E,35,0.68,8.5,Laurel,4/25/23,,4,1.5
401E,35,0.87,8,Laurel,4/25/23,,4,1.5
401E,35,NA,8,Laurel,4/25/23,,4,1.5
401E,33,3.62,19,Laurel,4/25/23,,4,1.5
401E,33,1.51,15,Laurel,4/25/23,,4,1.5
401E,33,2.28,15,Laurel,4/25/23,,4,1.5
401E,33,2.04,12,Laurel,4/25/23,,4,1.5
401E,33,1.24,11.5,Laurel,4/25/23,,4,1.5
401E,33,1.26,11,Laurel,4/25/23,,4,1.5
401E,33,1.59,11,Laurel,4/25/23,,4,1.5
401E,33,NA,10,Laurel,4/25/23,,4,1.5
401E,33,NA,9.5,Laurel,4/25/23,,4,1.5
401E,33,0.54,9,Laurel,4/25/23,,4,1.5
401E,33,0.74,8.5,Laurel,4/25/23,,4,1.5
401E,33,NA,8.5,Laurel,4/25/23,,4,1.5
401E,33,NA,7.5,Laurel,4/25/23,,4,1.5
401E,33,NA,7,Laurel,4/25/23,,4,1.5
401E,33,NA,6.5,Laurel,4/25/23,,4,1.5
401E,31,1.57,13.5,Laurel,4/25/23,,4,1.5
401E,31,1.17,12,Laurel,4/25/23,,4,1.5
401E,31,1.24,10.5,Laurel,4/25/23,,4,1.5
401E,31,1.26,10,Laurel,4/25/23,,4,1.5
401E,31,1.35,9.5,Laurel,4/25/23,,4,1.5
401E,31,NA,8.5,Laurel,4/25/23,,4,1.5
401E,31,0.45,8,Laurel,4/25/23,,4,1.5
401E,31,0.48,8,Laurel,4/25/23,,4,1.5
401E,31,NA,8,Laurel,4/25/23,,4,1.5
401E,31,NA,8,Laurel,4/25/23,,4,1.5
401E,31,NA,7.5,Laurel,4/25/23,,4,1.5
401E,31,NA,7.5,Laurel,4/25/23,,4,1.5
401E,31,NA,5.5,Laurel,4/25/23,,4,1.5
401E,25,NA,9,Laurel,4/25/23,,4,1.5
401E,25,NA,8,Laurel,4/25/23,,4,1.5
401E,25,NA,7.5,Laurel,4/25/23,,4,1.5
401E,25,NA,7.5,Laurel,4/25/23,,4,1.5
401E,25,NA,7.5,Laurel,4/25/23,,4,1.5
401E,25,NA,7,Laurel,4/25/23,,4,1.5
401E,25,NA,6,Laurel,4/25/23,,4,1.5
401E,25,NA,6,Laurel,4/25/23,,4,1.5
401E,15,NA,8,Laurel,4/25/23,,4,1.5
401E,15,NA,8,Laurel,4/25/23,,4,1.5
401E,15,NA,7.5,Laurel,4/25/23,,4,1.5
401E,15,NA,7,Laurel,4/25/23,,4,1.5
401E,15,NA,7,Laurel,4/25/23,,4,1.5
401E,15,NA,7,Laurel,4/25/23,,4,1.5
401E,15,NA,7,Laurel,4/25/23,,4,1.5
401E,15,NA,7,Laurel,4/25/23,,4,1.5
401E,15,NA,6.5,Laurel,4/25/23,,4,1.5
401E,15,NA,6.5,Laurel,4/25/23,,4,1.5
401E,15,NA,6,Laurel,4/25/23,,4,1.5
401E,15,NA,6,Laurel,4/25/23,,4,1.5
401E,15,NA,6,Laurel,4/25/23,,4,1.5
401E,15,NA,6,Laurel,4/25/23,,4,1.5
401E,15,NA,6,Laurel,4/25/23,,4,1.5
401E,15,NA,5.5,Laurel,4/25/23,,4,1.5
401E,15,NA,5.5,Laurel,4/25/23,,4,1.5
401E,15,NA,5.5,Laurel,4/25/23,,4,1.5
401E,15,NA,5.5,Laurel,4/25/23,,4,1.5
401E,15,NA,5.5,Laurel,4/25/23,,4,1.5
401E,15,NA,5.5,Laurel,4/25/23,,4,1.5
401E,15,NA,5,Laurel,4/25/23,,4,1.5
401E,15,NA,5,Laurel,4/25/23,,4,1.5
401E,15,NA,5,Laurel,4/25/23,,4,1.5
401E,15,NA,5,Laurel,4/25/23,,4,1.5
401E,15,NA,5,Laurel,4/25/23,,4,1.5
401E,15,NA,5,Laurel,4/25/23,,4,1.5
401E,15,NA,5,Laurel,4/25/23,,4,1.5
401E,15,NA,5,Laurel,4/25/23,,4,1.5
401E,15,NA,5,Laurel,4/25/23,,4,1.5
401E,15,NA,5,Laurel,4/25/23,,4,1.5
401E,15,NA,5,Laurel,4/25/23,,4,1.5
401E,15,NA,5,Laurel,4/25/23,,4,1.5
401E,15,NA,5,Laurel,4/25/23,,4,1.5
401E,15,NA,5,Laurel,4/25/23,,4,1.5
401E,15,NA,5,Laurel,4/25/23,,4,1.5
401E,15,NA,4.5,Laurel,4/25/23,,4,1.5
401E,15,NA,4.5,Laurel,4/25/23,,4,1.5
401E,15,NA,4.5,Laurel,4/25/23,,4,1.5
401E,15,NA,4.5,Laurel,4/25/23,,4,1.5
401E,15,NA,4.5,Laurel,4/25/23,,4,1.5
401E,15,NA,4.5,Laurel,4/25/23,,4,1.5
401E,15,NA,4.5,Laurel,4/25/23,,4,1.5
401E,15,NA,4,Laurel,4/25/23,,4,1.5
401E,15,NA,4,Laurel,4/25/23,,4,1.5
401E,15,NA,4,Laurel,4/25/23,,4,1.5
401E,15,NA,4,Laurel,4/25/23,,4,1.5
401E,15,NA,4,Laurel,4/25/23,,4,1.5
401E,15,NA,4,Laurel,4/25/23,,4,1.5
401E,15,NA,4,Laurel,4/25/23,,4,1.5
401E,15,NA,4,Laurel,4/25/23,,4,1.5
401E,15,NA,4,Laurel,4/25/23,,4,1.5
401E,15,NA,4,Laurel,4/25/23,,4,1.5
401E,15,NA,4,Laurel,4/25/23,,4,1.5
401E,15,NA,3.5,Laurel,4/25/23,,4,1.5
401E,15,NA,3.5,Laurel,4/25/23,,4,1.5
401E,15,NA,3,Laurel,4/25/23,,4,1.5
401E,15,NA,3,Laurel,4/25/23,,4,1.5
401E,15,NA,3,Laurel,4/25/23,,4,1.5
401E,15,NA,3,Laurel,4/25/23,,4,1.5
401E,15,NA,3,Laurel,4/25/23,,4,1.5
401E,15,NA,3,Laurel,4/25/23,,4,1.5
401E,15,NA,3,Laurel,4/25/23,,4,1.5
401E,15,NA,3,Laurel,4/25/23,,4,1.5
401E,15,NA,3,Laurel,4/25/23,,4,1.5
402E,41,1.9,13,Laurel,4/26/23,,4,0
402E,41,2.11,13,Laurel,4/26/23,,4,0
402E,41,1.37,10,Laurel,4/26/23,,4,0
402E,41,NA,4.5,Laurel,4/26/23,,4,0
402E,39,1.92,14,Laurel,4/26/23,,4,0
402E,39,2.29,12.5,Laurel,4/26/23,,4,0
402E,39,NA,10.5,Laurel,4/26/23,,4,0
402E,39,NA,8,Laurel,4/26/23,,4,0
402E,39,NA,6,Laurel,4/26/23,,4,0
402E,37,2.59,16,Laurel,4/26/23,,4,0
402E,37,2.65,15.5,Laurel,4/26/23,,4,0
402E,37,1.85,13.5,Laurel,4/26/23,,4,0
402E,37,2.03,11.5,Laurel,4/26/23,,4,0
402E,37,1.26,11,Laurel,4/26/23,,4,0
402E,37,1.26,10.5,Laurel,4/26/23,,4,0
402E,37,1.22,10,Laurel,4/26/23,,4,0
402E,37,1.35,10,Laurel,4/26/23,,4,0
402E,37,0.62,9.5,Laurel,4/26/23,,4,0
402E,37,0.79,9,Laurel,4/26/23,,4,0
402E,37,NA,9,Laurel,4/26/23,,4,0
402E,37,1.05,8.5,Laurel,4/26/23,,4,0
402E,37,NA,8,Laurel,4/26/23,,4,0
402E,37,NA,8,Laurel,4/26/23,,4,0
402E,37,NA,8,Laurel,4/26/23,,4,0
402E,37,1.52,7,Laurel,4/26/23,,4,0
402E,37,NA,6,Laurel,4/26/23,,4,0
402E,37,NA,5.5,Laurel,4/26/23,,4,0
402E,37,NA,4.5,Laurel,4/26/23,,4,0
402E,35,2.94,18,Laurel,4/26/23,,4,0
402E,35,2.78,15.5,Laurel,4/26/23,,4,0
402E,35,2.37,15,Laurel,4/26/23,,4,0
402E,35,2.44,14,Laurel,4/26/23,,4,0
402E,35,1.96,13.5,Laurel,4/26/23,,4,0
402E,35,2.22,13.5,Laurel,4/26/23,,4,0
402E,35,1.79,13,Laurel,4/26/23,,4,0
402E,35,1.98,13,Laurel,4/26/23,,4,0
402E,35,1.78,12.5,Laurel,4/26/23,,4,0
402E,35,1.95,12.5,Laurel,4/26/23,,4,0
402E,35,2,12.5,Laurel,4/26/23,,4,0
402E,35,2.18,12.5,Laurel,4/26/23,,4,0
402E,35,1.39,12,Laurel,4/26/23,,4,0
402E,35,1.46,12,Laurel,4/26/23,,4,0
402E,35,1.86,11.5,Laurel,4/26/23,,4,0
402E,35,2.01,11.5,Laurel,4/26/23,,4,0
402E,35,2.4,11.5,Laurel,4/26/23,,4,0
402E,35,NA,10.5,Laurel,4/26/23,,4,0
402E,35,0.87,10,Laurel,4/26/23,,4,0
402E,35,1.83,10,Laurel,4/26/23,,4,0
402E,35,NA,10,Laurel,4/26/23,,4,0
402E,35,0.87,9.5,Laurel,4/26/23,,4,0
402E,35,1.47,9.5,Laurel,4/26/23,,4,0
402E,35,0.76,9,Laurel,4/26/23,,4,0
402E,35,1.24,9,Laurel,4/26/23,,4,0
402E,35,NA,8,Laurel,4/26/23,,4,0
402E,35,NA,8,Laurel,4/26/23,,4,0
402E,35,NA,8,Laurel,4/26/23,,4,0
402E,35,NA,8,Laurel,4/26/23,,4,0
402E,35,NA,7.5,Laurel,4/26/23,,4,0
402E,35,NA,7,Laurel,4/26/23,,4,0
402E,35,NA,4,Laurel,4/26/23,,4,0
402E,35,NA,3,Laurel,4/26/23,,4,0
402E,33,2.3,15,Laurel,4/26/23,,4,0
402E,33,1.97,14.5,Laurel,4/26/23,,4,0
402E,33,2.02,14.5,Laurel,4/26/23,,4,0
402E,33,1.24,13.5,Laurel,4/26/23,,4,0
402E,33,1.49,13.5,Laurel,4/26/23,,4,0
402E,33,1.74,13.5,Laurel,4/26/23,,4,0
402E,33,1.8,13.5,Laurel,4/26/23,,4,0
402E,33,1.57,13,Laurel,4/26/23,,4,0
402E,33,1.67,13,Laurel,4/26/23,,4,0
402E,33,1.37,12.5,Laurel,4/26/23,,4,0
402E,33,1.72,12.5,Laurel,4/26/23,,4,0
402E,33,2.29,12.5,Laurel,4/26/23,,4,0
402E,33,1.51,12,Laurel,4/26/23,,4,0
402E,33,1.58,11.5,Laurel,4/26/23,,4,0
402E,33,1.66,11.5,Laurel,4/26/23,,4,0
402E,33,0.93,11,Laurel,4/26/23,,4,0
402E,33,1.14,11,Laurel,4/26/23,,4,0
402E,33,NA,11,Laurel,4/26/23,,4,0
402E,33,NA,10,Laurel,4/26/23,,4,0
402E,33,NA,10,Laurel,4/26/23,,4,0
402E,33,1.63,9.5,Laurel,4/26/23,,4,0
402E,33,NA,9,Laurel,4/26/23,,4,0
402E,33,NA,7,Laurel,4/26/23,,4,0
402E,33,NA,6.5,Laurel,4/26/23,,4,0
402E,33,NA,6,Laurel,4/26/23,,4,0
402E,33,NA,5,Laurel,4/26/23,,4,0
402E,33,NA,5,Laurel,4/26/23,,4,0
402E,31,2.03,13.5,Laurel,4/26/23,,4,0
402E,31,1.32,13,Laurel,4/26/23,,4,0
402E,31,2.05,13,Laurel,4/26/23,,4,0
402E,31,0.6,10.5,Laurel,4/26/23,,4,0
402E,31,1.17,10.5,Laurel,4/26/23,,4,0
402E,31,NA,10.5,Laurel,4/26/23,,4,0
402E,31,NA,10,Laurel,4/26/23,,4,0
402E,31,NA,9,Laurel,4/26/23,,4,0
402E,31,NA,8.5,Laurel,4/26/23,,4,0
402E,31,NA,7.5,Laurel,4/26/23,,4,0
402E,31,NA,6,Laurel,4/26/23,,4,0
402E,31,NA,6,Laurel,4/26/23,,4,0
402E,31,NA,6,Laurel,4/26/23,,4,0
402E,31,NA,5.5,Laurel,4/26/23,,4,0
402E,31,NA,5,Laurel,4/26/23,,4,0
402E,31,NA,5,Laurel,4/26/23,,4,0
402E,31,NA,4.5,Laurel,4/26/23,,4,0
402E,31,NA,4.5,Laurel,4/26/23,,4,0
402E,31,NA,3,Laurel,4/26/23,,4,0
402E,25,NA,9,Laurel,4/26/23,,4,0
402E,25,NA,7,Laurel,4/26/23,,4,0
402E,25,NA,7,Laurel,4/26/23,,4,0
402E,25,NA,6,Laurel,4/26/23,,4,0
402E,25,NA,4,Laurel,4/26/23,,4,0
402E,15,NA,7.5,Laurel,4/26/23,,4,0
402E,15,NA,7,Laurel,4/26/23,,4,0
402E,15,NA,7,Laurel,4/26/23,,4,0
402E,15,NA,6.5,Laurel,4/26/23,,4,0
402E,15,NA,6,Laurel,4/26/23,,4,0
402E,15,NA,6,Laurel,4/26/23,,4,0
402E,15,NA,6,Laurel,4/26/23,,4,0
402E,15,NA,6,Laurel,4/26/23,,4,0
402E,15,NA,6,Laurel,4/26/23,,4,0
402E,15,NA,6,Laurel,4/26/23,,4,0
402E,15,NA,5.5,Laurel,4/26/23,,4,0
402E,15,NA,5,Laurel,4/26/23,,4,0
402E,15,NA,5,Laurel,4/26/23,,4,0
402E,15,NA,5,Laurel,4/26/23,,4,0
402E,15,NA,4.5,Laurel,4/26/23,,4,0
402E,15,NA,4.5,Laurel,4/26/23,,4,0
402E,15,NA,4.5,Laurel,4/26/23,,4,0
402E,15,NA,4,Laurel,4/26/23,,4,0
402E,15,NA,4,Laurel,4/26/23,,4,0
402E,15,NA,4,Laurel,4/26/23,,4,0
402E,15,NA,3.5,Laurel,4/26/23,,4,0
402E,15,NA,3.5,Laurel,4/26/23,,4,0
402E,15,NA,3.5,Laurel,4/26/23,,4,0
402E,15,NA,3.5,Laurel,4/26/23,,4,0
402E,15,NA,2.5,Laurel,4/26/23,,4,0
402E,15,NA,2,Laurel,4/26/23,,4,0
403E,45,2.89,27,Noelle,4/25/23,,4,3
403E,45,3.69,26,noelle,4/27/23,,4,3
403E,45,3.06,25.5,Noelle,4/25/23,,4,3
403E,43,3.47,27,Noelle,4/25/23,,4,3
403E,43,3.32,26.5,Noelle,4/25/23,,4,3
403E,43,2.62,26,Noelle,4/25/23,,4,3
403E,43,2.93,26,Noelle,4/25/23,,4,3
403E,43,3.67,26,Noelle,4/25/23,,4,3
403E,43,3.27,24.5,Noelle,4/25/23,,4,3
403E,43,3.29,24,Noelle,4/25/23,,4,3
403E,43,3.31,24,Noelle,4/25/23,,4,3
403E,43,2.93,23.5,Noelle,4/25/23,,4,3
403E,43,3.17,23.5,noelle,4/27/23,,4,3
403E,43,3.44,23.5,Noelle,4/25/23,,4,3
403E,43,4,23.5,Noelle,4/25/23,,4,3
403E,43,2.85,23,noelle,4/27/23,,4,3
403E,43,3.21,23,Noelle,4/25/23,,4,3
403E,43,2.51,22,Noelle,4/25/23,,4,3
403E,43,2.67,22,noelle,4/27/23,,4,3
403E,43,2.44,21.5,noelle,4/27/23,,4,3
403E,43,3.31,19.5,Noelle,4/25/23,,4,3
403E,43,2.28,18.5,noelle,4/27/23,,4,3
403E,41,3.37,27,Noelle,4/25/23,,4,3
403E,41,2.85,26,Noelle,4/25/23,,4,3
403E,41,3.15,25,Noelle,4/25/23,,4,3
403E,41,2.89,24.5,noelle,4/27/23,,4,3
403E,41,3.27,24.5,noelle,4/27/23,,4,3
403E,41,2.94,24,Noelle,4/25/23,,4,3
403E,41,3.17,24,Noelle,4/25/23,,4,3
403E,41,2.81,23.5,Noelle,4/25/23,,4,3
403E,41,2.9,23.5,Noelle,4/25/23,,4,3
403E,41,2.63,23,Noelle,4/25/23,,4,3
403E,41,3.21,22.5,noelle,4/27/23,,4,3
403E,41,2.46,22,Noelle,4/25/23,,4,3
403E,41,2.12,21,Noelle,4/25/23,,4,3
403E,41,2.01,18.5,noelle,4/27/23,,4,3
403E,41,2.4,18.5,Noelle,4/25/23,,4,3
403E,41,1.18,9.5,Laurel,4/25/23,,4,3
403E,39,3.54,27.5,Noelle,4/25/23,,4,3
403E,39,3.96,27,Noelle,4/25/23,,4,3
403E,39,3.79,26.5,Noelle,4/25/23,,4,3
403E,39,2.25,24,noelle,4/27/23,,4,3
403E,39,3.1,22.5,noelle,4/27/23,,4,3
403E,39,3.04,21.5,Noelle,4/25/23,,4,3
403E,39,2.84,20.5,noelle,4/27/23,,4,3
403E,39,3.27,20.5,Noelle,4/25/23,,4,3
403E,39,2.22,19.5,Noelle,4/25/23,,4,3
403E,39,2.9,19.5,Noelle,4/25/23,,4,3
403E,39,2.18,18.5,noelle,4/27/23,,4,3
403E,39,2.88,18.5,noelle,4/27/23,,4,3
403E,39,2.93,18.5,noelle,4/27/23,,4,3
403E,39,2.43,18,Noelle,4/25/23,,4,3
403E,37,2.88,26.5,Noelle,4/25/23,,4,3
403E,37,2.67,26,Noelle,4/25/23,,4,3
403E,37,2.71,25,Noelle,4/25/23,,4,3
403E,37,3.24,24.5,noelle,4/27/23,,4,3
403E,37,3.4,24.5,Noelle,4/25/23,,4,3
403E,37,3.83,24,Noelle,4/25/23,,4,3
403E,37,2.96,23.5,Noelle,4/25/23,,4,3
403E,37,3.36,23.5,Noelle,4/25/23,,4,3
403E,37,2.26,23,Noelle,4/25/23,,4,3
403E,37,2.61,22.5,Noelle,4/25/23,,4,3
403E,37,3.49,22,Noelle,4/25/23,,4,3
403E,37,3.51,22,Noelle,4/25/23,,4,3
403E,37,3.59,22,Noelle,4/25/23,,4,3
403E,37,2.63,21.5,Noelle,4/25/23,,4,3
403E,37,3.15,21.5,Noelle,4/25/23,,4,3
403E,37,2.74,21,Noelle,4/25/23,,4,3
403E,37,2.2,20.5,Noelle,4/25/23,,4,3
403E,37,3.4,20,Noelle,4/25/23,,4,3
403E,37,2.62,19,Noelle,4/25/23,,4,3
403E,37,3,19,Noelle,4/25/23,,4,3
403E,37,2.68,18,noelle,4/27/23,,4,3
403E,37,2.48,17.5,Noelle,4/25/23,,4,3
403E,37,2.8,16,noelle,4/27/23,,4,3
403E,37,2.62,14,noelle,4/27/23,,4,3
403E,37,1.14,12.5,Laurel,4/25/23,,4,3
403E,37,1.97,12,noelle,4/27/23,,4,3
403E,35,2.86,20.5,noelle,4/27/23,,4,3
403E,35,2.82,17,Noelle,4/25/23,,4,3
403E,35,2.89,16,Noelle,4/25/23,,4,3
403E,35,NA,13.5,Laurel,4/25/23,,4,3
403E,33,0.78,8,Laurel,4/25/23,,4,3
403E,31,0.93,11,Laurel,4/25/23,,4,3
403E,31,0.83,9.5,Laurel,4/25/23,,4,3
403E,31,NA,9.5,Laurel,4/25/23,,4,3
403E,31,NA,9,Laurel,4/25/23,,4,3
403E,31,NA,8.5,Laurel,4/25/23,,4,3
403E,31,NA,8,Laurel,4/25/23,,4,3
403E,25,NA,10,noelle,4/27/23,,4,3
403E,25,NA,9.5,Laurel,4/25/23,,4,3
403E,25,NA,9.5,Laurel,4/25/23,,4,3
403E,25,NA,9,Laurel,4/25/23,,4,3
403E,25,NA,8.5,Laurel,4/25/23,,4,3
403E,25,NA,8.5,Laurel,4/25/23,,4,3
403E,25,NA,8.5,Laurel,4/25/23,,4,3
403E,25,NA,8.5,Laurel,4/25/23,,4,3
403E,25,NA,8.5,Laurel,4/25/23,,4,3
403E,25,NA,8,Laurel,4/25/23,,4,3
403E,25,NA,8,Laurel,4/25/23,,4,3
403E,25,NA,8,Laurel,4/25/23,,4,3
403E,25,NA,7.5,Laurel,4/25/23,,4,3
403E,25,NA,7.5,Laurel,4/25/23,,4,3
403E,25,NA,7.5,Laurel,4/25/23,,4,3
403E,25,NA,7,Laurel,4/25/23,,4,3
403E,25,NA,7,Laurel,4/25/23,,4,3
403E,25,NA,6.5,Laurel,4/25/23,,4,3
403E,25,NA,6,Laurel,4/25/23,,4,3
403E,25,NA,6,Laurel,4/25/23,,4,3
403E,25,NA,6,Laurel,4/25/23,,4,3
403E,25,NA,4,Laurel,4/25/23,,4,3
403E,15,NA,8,Laurel,4/25/23,,4,3
403E,15,NA,7.5,Laurel,4/25/23,,4,3
403E,15,NA,7.5,Laurel,4/25/23,,4,3
403E,15,NA,7,Laurel,4/25/23,,4,3
403E,15,NA,7,Laurel,4/25/23,,4,3
403E,15,NA,7,Laurel,4/25/23,,4,3
403E,15,NA,7,Laurel,4/25/23,,4,3
403E,15,NA,7,Laurel,4/25/23,,4,3
403E,15,NA,7,Laurel,4/25/23,,4,3
403E,15,NA,7,Laurel,4/25/23,,4,3
403E,15,NA,7,Laurel,4/25/23,,4,3
403E,15,NA,7,Laurel,4/25/23,,4,3
403E,15,NA,6.5,Laurel,4/25/23,,4,3
403E,15,NA,6.5,Laurel,4/25/23,,4,3
403E,15,NA,6.5,Laurel,4/25/23,,4,3
403E,15,NA,6.5,Laurel,4/25/23,,4,3
403E,15,NA,6.5,Laurel,4/25/23,,4,3
403E,15,NA,6.5,Laurel,4/25/23,,4,3
403E,15,NA,6,Laurel,4/25/23,,4,3
403E,15,NA,6,Laurel,4/25/23,,4,3
403E,15,NA,6,Laurel,4/25/23,,4,3
403E,15,NA,6,Laurel,4/25/23,,4,3
403E,15,NA,6,Laurel,4/25/23,,4,3
403E,15,NA,6,Laurel,4/25/23,,4,3
403E,15,NA,6,Laurel,4/25/23,,4,3
403E,15,NA,6,Laurel,4/25/23,,4,3
403E,15,NA,6,Laurel,4/25/23,,4,3
403E,15,NA,6,Laurel,4/25/23,,4,3
403E,15,NA,6,Laurel,4/25/23,,4,3
403E,15,NA,6,Laurel,4/25/23,,4,3
403E,15,NA,6,Laurel,4/25/23,,4,3
403E,15,NA,5.5,Laurel,4/25/23,,4,3
403E,15,NA,5.5,Laurel,4/25/23,,4,3
403E,15,NA,5.5,Laurel,4/25/23,,4,3
403E,15,NA,5.5,Laurel,4/25/23,,4,3
403E,15,NA,5.5,Laurel,4/25/23,,4,3
403E,15,NA,5,Laurel,4/25/23,,4,3
403E,15,NA,5,Laurel,4/25/23,,4,3
403E,15,NA,5,Laurel,4/25/23,,4,3
403E,15,NA,5,Laurel,4/25/23,,4,3
403E,15,NA,5,Laurel,4/25/23,,4,3
403E,15,NA,5,Laurel,4/25/23,,4,3
403E,15,NA,5,Laurel,4/25/23,,4,3
403E,15,NA,5,Laurel,4/25/23,,4,3
403E,15,NA,5,Laurel,4/25/23,,4,3
403E,15,NA,5,Laurel,4/25/23,,4,3
403E,15,NA,5,Laurel,4/25/23,,4,3
403E,15,NA,5,Laurel,4/25/23,,4,3
403E,15,NA,5,Laurel,4/25/23,,4,3
403E,15,NA,5,Laurel,4/25/23,,4,3
403E,15,NA,5,Laurel,4/25/23,,4,3
403E,15,NA,5,Laurel,4/25/23,,4,3
403E,15,NA,5,Laurel,4/25/23,,4,3
403E,15,NA,5,Laurel,4/25/23,,4,3
403E,15,NA,5,Laurel,4/25/23,,4,3
403E,15,NA,5,Laurel,4/25/23,,4,3
403E,15,NA,5,Laurel,4/25/23,,4,3
403E,15,NA,5,Laurel,4/25/23,,4,3
403E,15,NA,5,Laurel,4/25/23,,4,3
403E,15,NA,5,Laurel,4/25/23,,4,3
403E,15,NA,5,Laurel,4/25/23,,4,3
403E,15,NA,5,Laurel,4/25/23,,4,3
403E,15,NA,4.5,Laurel,4/25/23,,4,3
403E,15,NA,4.5,Laurel,4/25/23,,4,3
403E,15,NA,4.5,Laurel,4/25/23,,4,3
403E,15,NA,4.5,Laurel,4/25/23,,4,3
403E,15,NA,4.5,Laurel,4/25/23,,4,3
403E,15,NA,4.5,Laurel,4/25/23,,4,3
403E,15,NA,4.5,Laurel,4/25/23,,4,3
403E,15,NA,4.5,Laurel,4/25/23,,4,3
403E,15,NA,4.5,Laurel,4/25/23,,4,3
403E,15,NA,4,Laurel,4/25/23,,4,3
403E,15,NA,4,Laurel,4/25/23,,4,3
403E,15,NA,4,Laurel,4/25/23,,4,3
403E,15,NA,4,Laurel,4/25/23,,4,3
403E,15,NA,4,Laurel,4/25/23,,4,3
403E,15,NA,4,Laurel,4/25/23,,4,3
403E,15,NA,4,Laurel,4/25/23,,4,3
403E,15,NA,4,Laurel,4/25/23,,4,3
403E,15,NA,4,Laurel,4/25/23,,4,3
403E,15,NA,4,Laurel,4/25/23,,4,3
403E,15,NA,4,Laurel,4/25/23,,4,3
403E,15,NA,4,Laurel,4/25/23,,4,3
403E,15,NA,4,Laurel,4/25/23,,4,3
403E,15,NA,4,Laurel,4/25/23,,4,3
403E,15,NA,4,Laurel,4/25/23,,4,3
403E,15,NA,4,Laurel,4/25/23,,4,3
403E,15,NA,4,Laurel,4/25/23,,4,3
403E,15,NA,4,Laurel,4/25/23,,4,3
403E,15,NA,4,Laurel,4/25/23,,4,3
403E,15,NA,4,Laurel,4/25/23,,4,3
403E,15,NA,4,Laurel,4/25/23,,4,3
403E,15,NA,4,Laurel,4/25/23,,4,3
403E,15,NA,4,Laurel,4/25/23,,4,3
403E,15,NA,4,Laurel,4/25/23,,4,3
403E,15,NA,3.5,Laurel,4/25/23,,4,3
403E,15,NA,3.5,Laurel,4/25/23,,4,3
403E,15,NA,3.5,Laurel,4/25/23,,4,3
403E,15,NA,3,Laurel,4/25/23,,4,3
403E,15,NA,3,Laurel,4/25/23,,4,3
403E,15,NA,3,Laurel,4/25/23,,4,3
403E,15,NA,3,Laurel,4/25/23,,4,3
403E,15,NA,3,Laurel,4/25/23,,4,3
501E,47,2.72,17,Laurel,4/27/23,,5,1.5
501E,45,2.81,24,Laurel,4/26/23,,5,1.5
501E,45,3.06,22,Laurel,4/27/23,,5,1.5
501E,45,2.76,19.5,Laurel,4/27/23,,5,1.5
501E,45,2.87,19,Laurel,4/27/23,,5,1.5
501E,45,2.69,17.5,Laurel,4/27/23,,5,1.5
501E,43,2.84,22,Laurel,4/26/23,,5,1.5
501E,43,3.02,19.5,Laurel,4/27/23,,5,1.5
501E,43,2.27,19,Laurel,4/27/23,,5,1.5
501E,43,2.56,19,Laurel,4/27/23,,5,1.5
501E,43,2.28,18.5,Laurel,4/27/23,,5,1.5
501E,43,2.51,17.5,Laurel,4/27/23,,5,1.5
501E,43,2.87,17.5,Laurel,4/27/23,,5,1.5
501E,43,2.23,17,Laurel,4/27/23,,5,1.5
501E,43,2.24,15.5,Laurel,4/27/23,,5,1.5
501E,43,2.37,15,Laurel,4/27/23,,5,1.5
501E,43,1.71,14.5,Laurel,4/27/23,,5,1.5
501E,43,1.44,14,Laurel,4/27/23,,5,1.5
501E,43,1.77,14,Laurel,4/27/23,,5,1.5
501E,43,1.57,13,Laurel,4/27/23,,5,1.5
501E,43,1.08,10,Laurel,4/27/23,,5,1.5
501E,43,1.68,9.5,Laurel,4/27/23,,5,1.5
501E,41,2.95,22,Laurel,4/27/23,,5,1.5
501E,41,2.2,20,Laurel,4/27/23,,5,1.5
501E,41,2.84,20,Laurel,4/26/23,,5,1.5
501E,41,2.31,19,Laurel,4/27/23,,5,1.5
501E,41,2.95,19,Laurel,4/27/23,,5,1.5
501E,41,2.61,18.5,Laurel,4/27/23,,5,1.5
501E,41,2.65,18.5,Laurel,4/27/23,,5,1.5
501E,41,2.29,17.5,Laurel,4/27/23,,5,1.5
501E,41,2.19,17,Laurel,4/26/23,,5,1.5
501E,41,2.4,17,Laurel,4/27/23,,5,1.5
501E,41,2.02,16.5,Laurel,4/27/23,,5,1.5
501E,41,2.26,16.5,Laurel,4/27/23,,5,1.5
501E,41,1.99,16,Laurel,4/27/23,,5,1.5
501E,41,2.52,16,Laurel,4/27/23,,5,1.5
501E,41,1.89,15.5,Laurel,4/27/23,,5,1.5
501E,41,2.49,14.5,Laurel,4/27/23,,5,1.5
501E,41,1.72,13.5,Laurel,4/27/23,,5,1.5
501E,41,1.94,13.5,Laurel,4/27/23,,5,1.5
501E,41,1.38,12,Laurel,4/27/23,,5,1.5
501E,41,1.42,12,Laurel,4/27/23,,5,1.5
501E,41,1.47,12,Laurel,4/27/23,,5,1.5
501E,41,1.47,12,Laurel,4/27/23,,5,1.5
501E,41,1.41,11.5,Laurel,4/27/23,,5,1.5
501E,41,1.77,10.5,Laurel,4/27/23,,5,1.5
501E,41,0.96,9,Laurel,4/27/23,,5,1.5
501E,41,NA,8.5,Laurel,4/27/23,,5,1.5
501E,41,NA,8,Laurel,4/27/23,,5,1.5
501E,39,3.17,24,Laurel,4/26/23,,5,1.5
501E,39,3.49,22,Laurel,4/26/23,,5,1.5
501E,39,2.92,20,Laurel,4/27/23,,5,1.5
501E,39,2.66,18,Laurel,4/27/23,,5,1.5
501E,39,2.2,17.5,Laurel,4/26/23,,5,1.5
501E,39,1.85,16,Laurel,4/27/23,,5,1.5
501E,39,2.63,16,Laurel,4/27/23,,5,1.5
501E,39,2.11,15.5,Laurel,4/27/23,,5,1.5
501E,39,2.17,15,Laurel,4/27/23,,5,1.5
501E,39,1.39,14.5,Laurel,4/27/23,,5,1.5
501E,39,2.18,14.5,Laurel,4/27/23,,5,1.5
501E,39,2.37,14.5,Laurel,4/27/23,,5,1.5
501E,39,1.49,13,Laurel,4/27/23,,5,1.5
501E,37,2.73,19,Laurel,4/26/23,,5,1.5
501E,37,3.41,19,Laurel,4/27/23,,5,1.5
501E,37,1.7,17.5,Laurel,4/26/23,,5,1.5
501E,37,1.71,17.5,Laurel,4/27/23,,5,1.5
501E,37,2.28,17.5,Laurel,4/26/23,,5,1.5
501E,37,2.43,17.5,Laurel,4/27/23,,5,1.5
501E,37,2.51,16.5,Laurel,4/27/23,,5,1.5
501E,37,2.16,16,Laurel,4/27/23,,5,1.5
501E,37,2.59,16,Laurel,4/27/23,,5,1.5
501E,37,1.66,15.5,Laurel,4/27/23,,5,1.5
501E,37,1.91,14.5,Laurel,4/27/23,,5,1.5
501E,37,2.04,14.5,Laurel,4/27/23,,5,1.5
501E,37,1.55,12.5,Laurel,4/27/23,,5,1.5
501E,37,1.29,11,Laurel,4/27/23,,5,1.5
501E,37,3.07,4.5,Laurel,4/26/23,,5,1.5
501E,35,2.94,20,Laurel,4/26/23,,5,1.5
501E,35,2.26,18,Laurel,4/26/23,,5,1.5
501E,35,2.87,18,Laurel,4/27/23,,5,1.5
501E,35,2.17,17,Laurel,4/27/23,,5,1.5
501E,35,2.17,16.5,Laurel,4/26/23,,5,1.5
501E,35,2.41,16.5,Laurel,4/27/23,,5,1.5
501E,35,2.52,13,Laurel,4/27/23,,5,1.5
501E,35,1.52,12.5,Laurel,4/27/23,,5,1.5
501E,35,1.51,12,Laurel,4/27/23,,5,1.5
501E,35,2.26,12,Laurel,4/27/23,,5,1.5
501E,35,NA,8,Laurel,4/27/23,,5,1.5
501E,33,2.17,13.5,Laurel,4/27/23,,5,1.5
501E,33,1.39,12,Laurel,4/26/23,,5,1.5
501E,33,NA,8,Laurel,4/27/23,,5,1.5
501E,31,NA,10,Laurel,4/27/23,,5,1.5
501E,31,NA,9,Laurel,4/27/23,,5,1.5
501E,31,NA,8,Laurel,4/27/23,,5,1.5
501E,31,NA,6,Laurel,4/27/23,,5,1.5
501E,31,NA,5,Laurel,4/27/23,,5,1.5
501E,25,NA,8,Laurel,4/27/23,,5,1.5
501E,25,NA,7.5,Laurel,4/27/23,,5,1.5
501E,15,NA,7,Laurel,4/27/23,,5,1.5
501E,15,NA,7,Laurel,4/27/23,,5,1.5
501E,15,NA,6.5,Laurel,4/27/23,,5,1.5
501E,15,NA,6.5,Laurel,4/27/23,,5,1.5
501E,15,NA,6.5,Laurel,4/27/23,,5,1.5
501E,15,NA,6.5,Laurel,4/27/23,,5,1.5
501E,15,NA,6,Laurel,4/27/23,,5,1.5
501E,15,NA,6,Laurel,4/27/23,,5,1.5
501E,15,NA,6,Laurel,4/27/23,,5,1.5
501E,15,NA,6,Laurel,4/27/23,,5,1.5
501E,15,NA,6,Laurel,4/27/23,,5,1.5
501E,15,NA,6,Laurel,4/27/23,,5,1.5
501E,15,NA,6,Laurel,4/27/23,,5,1.5
501E,15,NA,6,Laurel,4/27/23,,5,1.5
501E,15,NA,6,Laurel,4/27/23,,5,1.5
501E,15,NA,5.5,Laurel,4/27/23,,5,1.5
501E,15,NA,5.5,Laurel,4/27/23,,5,1.5
501E,15,NA,5.5,Laurel,4/27/23,,5,1.5
501E,15,NA,5,Laurel,4/27/23,,5,1.5
501E,15,NA,5,Laurel,4/27/23,,5,1.5
501E,15,NA,5,Laurel,4/27/23,,5,1.5
501E,15,NA,5,Laurel,4/27/23,,5,1.5
501E,15,NA,5,Laurel,4/27/23,,5,1.5
501E,15,NA,5,Laurel,4/27/23,,5,1.5
501E,15,NA,5,Laurel,4/27/23,,5,1.5
501E,15,NA,5,Laurel,4/27/23,,5,1.5
501E,15,NA,5,Laurel,4/27/23,,5,1.5
501E,15,NA,5,Laurel,4/27/23,,5,1.5
501E,15,NA,5,Laurel,4/27/23,,5,1.5
501E,15,NA,5,Laurel,4/27/23,,5,1.5
501E,15,NA,5,Laurel,4/27/23,,5,1.5
501E,15,NA,5,Laurel,4/27/23,,5,1.5
501E,15,NA,5,Laurel,4/27/23,,5,1.5
501E,15,NA,5,Laurel,4/27/23,,5,1.5
501E,15,NA,5,Laurel,4/27/23,,5,1.5
501E,15,NA,5,Laurel,4/27/23,,5,1.5
501E,15,NA,5,Laurel,4/27/23,,5,1.5
501E,15,NA,5,Laurel,4/27/23,,5,1.5
501E,15,NA,5,Laurel,4/27/23,,5,1.5
501E,15,NA,5,Laurel,4/27/23,,5,1.5
501E,15,NA,5,Laurel,4/27/23,,5,1.5
501E,15,NA,4.5,Laurel,4/27/23,,5,1.5
501E,15,NA,4.5,Laurel,4/27/23,,5,1.5
501E,15,NA,4.5,Laurel,4/27/23,,5,1.5
501E,15,NA,4.5,Laurel,4/27/23,,5,1.5
501E,15,NA,4.5,Laurel,4/27/23,,5,1.5
501E,15,NA,4.5,Laurel,4/27/23,,5,1.5
501E,15,NA,4.5,Laurel,4/27/23,,5,1.5
501E,15,NA,4,Laurel,4/27/23,,5,1.5
501E,15,NA,4,Laurel,4/27/23,,5,1.5
501E,15,NA,4,Laurel,4/27/23,,5,1.5
501E,15,NA,4,Laurel,4/27/23,,5,1.5
501E,15,NA,4,Laurel,4/27/23,,5,1.5
501E,15,NA,4,Laurel,4/27/23,,5,1.5
501E,15,NA,4,Laurel,4/27/23,,5,1.5
501E,15,NA,4,Laurel,4/27/23,,5,1.5
501E,15,NA,4,Laurel,4/27/23,,5,1.5
501E,15,NA,4,Laurel,4/27/23,,5,1.5
501E,15,NA,4,Laurel,4/27/23,,5,1.5
501E,15,NA,4,Laurel,4/27/23,,5,1.5
501E,15,NA,4,Laurel,4/27/23,,5,1.5
501E,15,NA,4,Laurel,4/27/23,,5,1.5
501E,15,NA,4,Laurel,4/27/23,,5,1.5
501E,15,NA,4,Laurel,4/27/23,,5,1.5
501E,15,NA,4,Laurel,4/27/23,,5,1.5
501E,15,NA,4,Laurel,4/27/23,,5,1.5
501E,15,NA,3.5,Laurel,4/27/23,,5,1.5
501E,15,NA,3.5,Laurel,4/27/23,,5,1.5
501E,15,NA,3.5,Laurel,4/27/23,,5,1.5
501E,15,NA,3.5,Laurel,4/27/23,,5,1.5
501E,15,NA,3.5,Laurel,4/27/23,,5,1.5
501E,15,NA,3.5,Laurel,4/27/23,,5,1.5
501E,15,NA,3.5,Laurel,4/27/23,,5,1.5
501E,15,NA,3.5,Laurel,4/27/23,,5,1.5
501E,15,NA,3.5,Laurel,4/27/23,,5,1.5
501E,15,NA,3.5,Laurel,4/27/23,,5,1.5
501E,15,NA,3.5,Laurel,4/27/23,,5,1.5
501E,15,NA,3.5,Laurel,4/27/23,,5,1.5
501E,15,NA,3.5,Laurel,4/27/23,,5,1.5
501E,15,NA,3,Laurel,4/27/23,,5,1.5
501E,15,NA,3,Laurel,4/27/23,,5,1.5
501E,15,NA,3,Laurel,4/27/23,,5,1.5
501E,15,NA,3,Laurel,4/27/23,,5,1.5
501E,15,NA,3,Laurel,4/27/23,,5,1.5
501E,15,NA,3,Laurel,4/27/23,,5,1.5
501E,15,NA,3,Laurel,4/27/23,,5,1.5
501E,15,NA,3,Laurel,4/27/23,,5,1.5
501E,15,NA,3,Laurel,4/27/23,,5,1.5
501E,15,NA,3,Laurel,4/27/23,,5,1.5
501E,15,NA,3,Laurel,4/27/23,,5,1.5
501E,15,NA,2.5,Laurel,4/27/23,,5,1.5
501E,15,NA,2.5,Laurel,4/27/23,,5,1.5
502E,45,2.92,26.5,noelle,4/27/23,,5,3
502E,45,3.38,25.5,noelle,4/27/23,,5,3
502E,45,3.06,25,noelle,4/27/23,,5,3
502E,45,3.46,23,noelle,4/27/23,,5,3
502E,45,3.1,22,noelle,4/27/23,,5,3
502E,45,3.31,20.5,noelle,4/27/23,,5,3
502E,43,3.5,25,noelle,4/27/23,,5,3
502E,43,3.65,25,noelle,4/27/23,,5,3
502E,43,2.32,24,noelle,4/27/23,,5,3
502E,43,3.28,24,noelle,4/27/23,,5,3
502E,43,2.82,23,noelle,4/27/23,,5,3
502E,43,2.52,22.5,noelle,4/27/23,,5,3
502E,43,3.36,22,noelle,4/27/23,,5,3
502E,43,2.78,21.5,noelle,4/27/23,,5,3
502E,43,3.13,21.5,noelle,4/27/23,,5,3
502E,43,2,21,noelle,4/27/23,,5,3
502E,43,2.73,21,noelle,4/27/23,,5,3
502E,43,3.38,21,noelle,4/27/23,,5,3
502E,43,2.66,20,noelle,4/27/23,,5,3
502E,43,2.78,19.5,noelle,4/27/23,,5,3
502E,43,1.94,19,noelle,4/27/23,,5,3
502E,43,3.02,19,noelle,4/27/23,,5,3
502E,43,1.73,18.5,noelle,4/27/23,,5,3
502E,43,2.29,15.8,noelle,4/27/23,,5,3
502E,43,1.77,15,noelle,4/27/23,,5,3
502E,43,1.47,14,noelle,4/27/23,,5,3
502E,43,1.7,13,noelle,4/27/23,,5,3
502E,43,2,11.5,noelle,4/27/23,,5,3
502E,41,3.06,22,noelle,4/27/23,,5,3
502E,41,2.16,21,noelle,4/27/23,,5,3
502E,41,2.39,20.5,noelle,4/27/23,,5,3
502E,41,3.17,20,noelle,4/27/23,,5,3
502E,41,2.18,19,noelle,4/27/23,,5,3
502E,41,2.58,19,noelle,4/27/23,,5,3
502E,41,2.65,19,noelle,4/27/23,,5,3
502E,41,2.01,18.5,noelle,4/27/23,,5,3
502E,41,2.66,18.5,noelle,4/27/23,,5,3
502E,41,2.72,18.5,noelle,4/27/23,,5,3
502E,41,2.27,18,noelle,4/27/23,,5,3
502E,41,2.59,18,noelle,4/27/23,,5,3
502E,41,2.32,17.5,noelle,4/27/23,,5,3
502E,41,1.54,17,noelle,4/27/23,,5,3
502E,41,1.64,14.5,noelle,4/27/23,,5,3
502E,41,1.23,13,noelle,4/27/23,,5,3
502E,41,2.41,11,noelle,4/27/23,,5,3
502E,41,1.72,10.5,noelle,4/27/23,,5,3
502E,41,0.85,10,noelle,4/27/23,,5,3
502E,39,4.06,24.5,noelle,4/27/23,,5,3
502E,39,3.35,23.5,noelle,4/27/23,,5,3
502E,39,2.77,22,noelle,4/27/23,,5,3
502E,39,3.52,22,noelle,4/27/23,,5,3
502E,39,2.68,20.5,noelle,4/27/23,,5,3
502E,39,2.91,19.5,noelle,4/27/23,,5,3
502E,39,2.76,19,noelle,4/27/23,,5,3
502E,39,2.39,18.5,noelle,4/27/23,,5,3
502E,39,1.9,18,noelle,4/27/23,,5,3
502E,39,2.23,18,noelle,4/27/23,,5,3
502E,39,2.09,17.5,noelle,4/27/23,,5,3
502E,39,1.84,17,noelle,4/27/23,,5,3
502E,39,1.63,14.5,noelle,4/27/23,,5,3
502E,39,1.24,12.5,noelle,4/27/23,,5,3
502E,39,2.12,12.5,noelle,4/27/23,,5,3
502E,39,1.5,12,noelle,4/27/23,,5,3
502E,39,2.66,10.5,noelle,4/27/23,,5,3
502E,39,1.25,10,noelle,4/27/23,,5,3
502E,39,1.71,9.5,noelle,4/27/23,,5,3
502E,37,2.69,20.5,noelle,4/27/23,,5,3
502E,37,2.88,20,noelle,4/27/23,,5,3
502E,37,2.17,18.5,noelle,4/27/23,,5,3
502E,37,2.61,18.5,noelle,4/27/23,,5,3
502E,37,2.68,18.5,noelle,4/27/23,,5,3
502E,37,2.15,18,noelle,4/27/23,,5,3
502E,37,2.17,18,noelle,4/27/23,,5,3
502E,37,2.67,17.5,noelle,4/27/23,,5,3
502E,37,2.74,17,noelle,4/27/23,,5,3
502E,37,2.58,16.5,noelle,4/27/23,,5,3
502E,37,1.91,13.5,noelle,4/27/23,,5,3
502E,37,1.42,13,noelle,4/27/23,,5,3
502E,37,1.75,13,noelle,4/27/23,,5,3
502E,37,1.92,13,noelle,4/27/23,,5,3
502E,37,1.48,12.5,noelle,4/27/23,,5,3
502E,37,1.17,9,noelle,4/27/23,,5,3
502E,37,0.45,8.5,noelle,4/27/23,,5,3
502E,35,2.99,21.5,noelle,4/27/23,,5,3
502E,35,2.51,19,noelle,4/27/23,,5,3
502E,35,3.04,18,noelle,4/27/23,,5,3
502E,35,2.3,17.5,noelle,4/27/23,,5,3
502E,35,1.96,17,noelle,4/27/23,,5,3
502E,35,2.52,17,noelle,4/27/23,,5,3
502E,35,2.37,15.5,noelle,4/27/23,,5,3
502E,35,1.69,15,noelle,4/27/23,,5,3
502E,35,1.67,14.5,noelle,4/27/23,,5,3
502E,35,2.11,14,noelle,4/27/23,,5,3
502E,35,2.08,12.5,noelle,4/27/23,,5,3
502E,35,1.68,11.5,noelle,4/27/23,,5,3
502E,35,NA,10,noelle,4/27/23,,5,3
502E,33,NA,6.5,noelle,4/27/23,,5,3
502E,31,0.98,11,noelle,4/27/23,,5,3
502E,31,NA,9,noelle,4/27/23,,5,3
502E,31,NA,8.5,noelle,4/27/23,,5,3
502E,31,NA,8.5,noelle,4/27/23,,5,3
502E,31,NA,8,noelle,4/27/23,,5,3
502E,31,NA,8,noelle,4/27/23,,5,3
502E,31,NA,7.5,noelle,4/27/23,,5,3
502E,31,NA,7.5,noelle,4/27/23,,5,3
502E,31,NA,6.5,noelle,4/27/23,,5,3
502E,31,NA,6.5,noelle,4/27/23,,5,3
502E,25,NA,8,noelle,4/27/23,,5,3
502E,25,NA,7.5,noelle,4/27/23,,5,3
502E,25,NA,7.5,noelle,4/27/23,,5,3
502E,25,NA,7,noelle,4/27/23,,5,3
502E,25,NA,7,noelle,4/27/23,,5,3
502E,25,NA,6.5,noelle,4/27/23,,5,3
502E,25,NA,6.5,noelle,4/27/23,,5,3
502E,25,NA,6,noelle,4/27/23,,5,3
502E,25,NA,6,noelle,4/27/23,,5,3
502E,25,NA,5.5,noelle,4/27/23,,5,3
502E,25,NA,5.5,noelle,4/27/23,,5,3
502E,25,NA,5.5,noelle,4/27/23,,5,3
502E,25,NA,5,noelle,4/27/23,,5,3
502E,25,NA,5,noelle,4/27/23,,5,3
502E,25,NA,4,noelle,4/27/23,,5,3
502E,15,NA,7.5,noelle,4/27/23,,5,3
502E,15,NA,7.5,noelle,4/27/23,,5,3
502E,15,NA,7,noelle,4/27/23,,5,3
502E,15,NA,7,noelle,4/27/23,,5,3
502E,15,NA,7,noelle,4/27/23,,5,3
502E,15,NA,6.5,noelle,4/27/23,,5,3
502E,15,NA,6.5,noelle,4/27/23,,5,3
502E,15,NA,6.5,noelle,4/27/23,,5,3
502E,15,NA,6.5,noelle,4/27/23,,5,3
502E,15,NA,6.5,noelle,4/27/23,,5,3
502E,15,NA,6,noelle,4/27/23,,5,3
502E,15,NA,6,noelle,4/27/23,,5,3
502E,15,NA,6,noelle,4/27/23,,5,3
502E,15,NA,6,noelle,4/27/23,,5,3
502E,15,NA,6,noelle,4/27/23,,5,3
502E,15,NA,5.5,noelle,4/27/23,,5,3
502E,15,NA,5.5,noelle,4/27/23,,5,3
502E,15,NA,5.5,noelle,4/27/23,,5,3
502E,15,NA,5.5,noelle,4/27/23,,5,3
502E,15,NA,5.5,noelle,4/27/23,,5,3
502E,15,NA,5.5,noelle,4/27/23,,5,3
502E,15,NA,5.5,noelle,4/27/23,,5,3
502E,15,NA,5.5,noelle,4/27/23,,5,3
502E,15,NA,5.5,noelle,4/27/23,,5,3
502E,15,NA,5.5,noelle,4/27/23,,5,3
502E,15,NA,5.5,noelle,4/27/23,,5,3
502E,15,NA,5.5,noelle,4/27/23,,5,3
502E,15,NA,5.5,noelle,4/27/23,,5,3
502E,15,NA,5,noelle,4/27/23,,5,3
502E,15,NA,5,noelle,4/27/23,,5,3
502E,15,NA,5,noelle,4/27/23,,5,3
502E,15,NA,5,noelle,4/27/23,,5,3
502E,15,NA,5,noelle,4/27/23,,5,3
502E,15,NA,5,noelle,4/27/23,,5,3
502E,15,NA,5,noelle,4/27/23,,5,3
502E,15,NA,5,noelle,4/27/23,,5,3
502E,15,NA,5,noelle,4/27/23,,5,3
502E,15,NA,5,noelle,4/27/23,,5,3
502E,15,NA,5,noelle,4/27/23,,5,3
502E,15,NA,5,noelle,4/27/23,,5,3
502E,15,NA,5,noelle,4/27/23,,5,3
502E,15,NA,5,noelle,4/27/23,,5,3
502E,15,NA,5,noelle,4/27/23,,5,3
502E,15,NA,4.5,noelle,4/27/23,,5,3
502E,15,NA,4.5,noelle,4/27/23,,5,3
502E,15,NA,4.5,noelle,4/27/23,,5,3
502E,15,NA,4.5,noelle,4/27/23,,5,3
502E,15,NA,4.5,noelle,4/27/23,,5,3
502E,15,NA,4.5,noelle,4/27/23,,5,3
502E,15,NA,4.5,noelle,4/27/23,,5,3
502E,15,NA,4.5,noelle,4/27/23,,5,3
502E,15,NA,4.5,noelle,4/27/23,,5,3
502E,15,NA,4.5,noelle,4/27/23,,5,3
502E,15,NA,4.5,noelle,4/27/23,,5,3
502E,15,NA,4.5,noelle,4/27/23,,5,3
502E,15,NA,4.5,noelle,4/27/23,,5,3
502E,15,NA,4,noelle,4/27/23,,5,3
502E,15,NA,4,noelle,4/27/23,,5,3
502E,15,NA,4,noelle,4/27/23,,5,3
502E,15,NA,4,noelle,4/27/23,,5,3
502E,15,NA,4,noelle,4/27/23,,5,3
502E,15,NA,4,noelle,4/27/23,,5,3
502E,15,NA,4,noelle,4/27/23,,5,3
502E,15,NA,4,noelle,4/27/23,,5,3
502E,15,NA,4,noelle,4/27/23,,5,3
502E,15,NA,4,noelle,4/27/23,,5,3
502E,15,NA,4,noelle,4/27/23,,5,3
502E,15,NA,4,noelle,4/27/23,,5,3
502E,15,NA,4,noelle,4/27/23,,5,3
502E,15,NA,4,noelle,4/27/23,,5,3
502E,15,NA,3.5,noelle,4/27/23,,5,3
502E,15,NA,3.5,noelle,4/27/23,,5,3
502E,15,NA,3.5,noelle,4/27/23,,5,3
502E,15,NA,3.5,noelle,4/27/23,,5,3
502E,15,NA,3.5,noelle,4/27/23,,5,3
502E,15,NA,3,noelle,4/27/23,,5,3
503E,43,3.08,23,Laurel,4/25/23,,5,0
503E,43,3.2,22.5,Laurel,4/25/23,,5,0
503E,43,2.41,20,Laurel,4/25/23,,5,0
503E,43,2.25,19.5,Laurel,4/25/23,,5,0
503E,43,2.35,18.5,Laurel,4/25/23,,5,0
503E,43,2.62,18,Laurel,4/25/23,,5,0
503E,43,1.76,17,Laurel,4/25/23,,5,0
503E,43,1.58,12.5,Laurel,4/25/23,,5,0
503E,43,NA,4,Laurel,4/25/23,,5,0
503E,42,NA,4,Laurel,4/25/23,,5,0
503E,41,3.02,24,Laurel,4/25/23,,5,0
503E,41,3.09,23.5,Laurel,4/25/23,,5,0
503E,41,2.65,21.5,Laurel,4/25/23,,5,0
503E,41,3.09,21,Laurel,4/25/23,,5,0
503E,41,2.57,20,Laurel,4/25/23,,5,0
503E,41,2.47,19.5,Laurel,4/25/23,,5,0
503E,41,2.92,19.5,Laurel,4/25/23,,5,0
503E,41,2.46,19,Laurel,4/25/23,,5,0
503E,41,3.52,19,Laurel,4/25/23,,5,0
503E,41,2.42,18,Laurel,4/25/23,,5,0
503E,41,2.05,17,Laurel,4/25/23,,5,0
503E,41,2.03,16.5,Laurel,4/25/23,,5,0
503E,41,2.14,16.5,Laurel,4/25/23,,5,0
503E,41,1.58,15.5,Laurel,4/25/23,,5,0
503E,41,1.63,15.5,Laurel,4/25/23,,5,0
503E,41,2.3,15,Laurel,4/25/23,,5,0
503E,41,1.54,14.5,Laurel,4/25/23,,5,0
503E,41,1.55,13.5,Laurel,4/25/23,,5,0
503E,41,2.04,13.5,Laurel,4/25/23,,5,0
503E,41,1.75,11.5,Laurel,4/25/23,,5,0
503E,41,0.48,9,Laurel,4/25/23,,5,0
503E,41,NA,5.5,Laurel,4/25/23,,5,0
503E,40,NA,3.5,Laurel,4/25/23,,5,0
503E,39,2,18,Laurel,4/25/23,,5,0
503E,39,2.64,18,Laurel,4/25/23,,5,0
503E,39,2.53,17,Laurel,4/25/23,,5,0
503E,39,1.62,15,Laurel,4/25/23,,5,0
503E,39,1.85,14.5,Laurel,4/25/23,,5,0
503E,39,2.07,13.5,Laurel,4/25/23,,5,0
503E,39,1.48,13,Laurel,4/25/23,,5,0
503E,39,1.41,12.5,Laurel,4/25/23,,5,0
503E,39,NA,3.5,Laurel,4/25/23,,5,0
503E,38,NA,3.5,Laurel,4/25/23,,5,0
503E,37,3.19,23,Laurel,4/25/23,,5,0
503E,37,3.17,22.5,Laurel,4/25/23,,5,0
503E,37,2.74,21.5,Laurel,4/25/23,,5,0
503E,37,3.02,19.5,Laurel,4/25/23,,5,0
503E,37,3.04,19,Laurel,4/25/23,,5,0
503E,37,2.64,18.5,Laurel,4/25/23,,5,0
503E,37,2.35,18,Laurel,4/25/23,,5,0
503E,37,2.39,18,Laurel,4/25/23,,5,0
503E,37,2.14,17.5,Laurel,4/25/23,,5,0
503E,37,2.37,17.5,Laurel,4/25/23,,5,0
503E,37,2.63,17.5,Laurel,4/25/23,,5,0
503E,37,1.94,16.5,Laurel,4/25/23,,5,0
503E,37,2.55,16.5,Laurel,4/25/23,,5,0
503E,37,2.88,16.5,Laurel,4/25/23,,5,0
503E,37,2.44,16,Laurel,4/25/23,,5,0
503E,37,1.99,15.5,Laurel,4/25/23,,5,0
503E,37,1.53,15,Laurel,4/25/23,,5,0
503E,37,2.01,15,Laurel,4/25/23,,5,0
503E,37,2.47,15,Laurel,4/25/23,,5,0
503E,37,2.61,15,Laurel,4/25/23,,5,0
503E,37,1.19,14.5,Laurel,4/25/23,,5,0
503E,37,2.45,14.5,Laurel,4/25/23,,5,0
503E,37,1.34,12,Laurel,4/25/23,,5,0
503E,37,1.55,12,Laurel,4/25/23,,5,0
503E,37,1.97,11.5,Laurel,4/25/23,,5,0
503E,37,1.82,10.5,Laurel,4/25/23,,5,0
503E,37,0.96,9,Laurel,4/25/23,,5,0
503E,37,NA,4,Laurel,4/25/23,,5,0
503E,37,NA,4,Laurel,4/25/23,,5,0
503E,36,NA,3.5,Laurel,4/25/23,,5,0
503E,35,3.09,21.5,Laurel,4/25/23,,5,0
503E,35,2.74,17,Laurel,4/25/23,,5,0
503E,35,2.46,16,Laurel,4/25/23,,5,0
503E,35,2.77,16,Laurel,4/25/23,,5,0
503E,35,1.72,14.5,Laurel,4/25/23,,5,0
503E,35,1.61,13,Laurel,4/25/23,,5,0
503E,35,1.98,13,Laurel,4/25/23,,5,0
503E,35,1.57,8,Laurel,4/25/23,,5,0
503E,35,NA,4,Laurel,4/25/23,,5,0
503E,34,NA,3,Laurel,4/25/23,,5,0
503E,33,2.82,19,Laurel,4/25/23,,5,0
503E,33,4.17,18,Laurel,4/25/23,,5,0
503E,33,1.88,14,Laurel,4/25/23,,5,0
503E,33,2.6,14,Laurel,4/25/23,,5,0
503E,33,2.29,13.5,Laurel,4/25/23,,5,0
503E,33,1.11,12,Laurel,4/25/23,,5,0
503E,33,NA,11,Laurel,4/25/23,,5,0
503E,33,1.79,10.5,Laurel,4/25/23,,5,0
503E,33,NA,3.5,Laurel,4/25/23,,5,0
503E,32,NA,4.5,Laurel,4/25/23,,5,0
503E,31,NA,8,Laurel,4/25/23,,5,0
503E,31,NA,8,Laurel,4/25/23,,5,0
503E,31,NA,8,Laurel,4/25/23,,5,0
503E,31,NA,7,Laurel,4/25/23,,5,0
503E,31,NA,3.5,Laurel,4/25/23,,5,0
503E,30,NA,4,Laurel,4/25/23,,5,0
503E,29,NA,4,Laurel,4/25/23,,5,0
503E,28,NA,4,Laurel,4/25/23,,5,0
503E,27,NA,4,Laurel,4/25/23,,5,0
503E,26,NA,2.5,Laurel,4/25/23,,5,0
503E,25,NA,12,Laurel,4/25/23,,5,0
503E,25,NA,9,Laurel,4/25/23,,5,0
503E,25,NA,8,Laurel,4/25/23,,5,0
503E,25,NA,8,Laurel,4/25/23,,5,0
503E,25,NA,8,Laurel,4/25/23,,5,0
503E,25,NA,7.5,Laurel,4/25/23,,5,0
503E,25,NA,7,Laurel,4/25/23,,5,0
503E,25,NA,6.5,Laurel,4/25/23,,5,0
503E,25,NA,5.5,Laurel,4/25/23,,5,0
503E,25,NA,3.5,Laurel,4/25/23,,5,0
503E,24,NA,6,Laurel,4/25/23,,5,0
503E,23,NA,3,Laurel,4/25/23,,5,0
503E,22,NA,5,Laurel,4/25/23,,5,0
503E,21,NA,6,Laurel,4/25/23,,5,0
503E,20,NA,5,Laurel,4/25/23,,5,0
503E,19,NA,4,Laurel,4/25/23,,5,0
503E,18,NA,5,Laurel,4/25/23,,5,0
503E,17,NA,4.5,Laurel,4/25/23,,5,0
503E,16,NA,4,Laurel,4/25/23,,5,0
503E,15,NA,7,Laurel,4/25/23,,5,0
503E,15,NA,6.5,Laurel,4/25/23,,5,0
503E,15,NA,6.5,Laurel,4/25/23,,5,0
503E,15,NA,6.5,Laurel,4/25/23,,5,0
503E,15,NA,6,Laurel,4/25/23,,5,0
503E,15,NA,6,Laurel,4/25/23,,5,0
503E,15,NA,6,Laurel,4/25/23,,5,0
503E,15,NA,6,Laurel,4/25/23,,5,0
503E,15,NA,6,Laurel,4/25/23,,5,0
503E,15,NA,6,Laurel,4/25/23,,5,0
503E,15,NA,5.5,Laurel,4/25/23,,5,0
503E,15,NA,5.5,Laurel,4/25/23,,5,0
503E,15,NA,5.5,Laurel,4/25/23,,5,0
503E,15,NA,5.5,Laurel,4/25/23,,5,0
503E,15,NA,5,Laurel,4/25/23,,5,0
503E,15,NA,5,Laurel,4/25/23,,5,0
503E,15,NA,5,Laurel,4/25/23,,5,0
503E,15,NA,5,Laurel,4/25/23,,5,0
503E,15,NA,5,Laurel,4/25/23,,5,0
503E,15,NA,5,Laurel,4/25/23,,5,0
503E,15,NA,5,Laurel,4/25/23,,5,0
503E,15,NA,5,Laurel,4/25/23,,5,0
503E,15,NA,5,Laurel,4/25/23,,5,0
503E,15,NA,4.5,Laurel,4/25/23,,5,0
503E,15,NA,4.5,Laurel,4/25/23,,5,0
503E,15,NA,4.5,Laurel,4/25/23,,5,0
503E,15,NA,4.5,Laurel,4/25/23,,5,0
503E,15,NA,4.5,Laurel,4/25/23,,5,0
503E,15,NA,4.5,Laurel,4/25/23,,5,0
503E,15,NA,4.5,Laurel,4/25/23,,5,0
503E,15,NA,4.5,Laurel,4/25/23,,5,0
503E,15,NA,4.5,Laurel,4/25/23,,5,0
503E,15,NA,4,Laurel,4/25/23,,5,0
503E,15,NA,4,Laurel,4/25/23,,5,0
503E,15,NA,3,Laurel,4/25/23,,5,0